date,symbol,f10_T,a1_prev,sent7d,outcome_date,a1_outcome
20251128,SNDX,20.435630704274537,19.87,0.1,20251212,20.37
20251128,LW,61.27621676640053,59.61,0.08,20251212,59.66
20251128,PAR,35.014947064332304,34.08,,20251212,36.89
20251128,VERA,34.20421231409025,33.33,0.2,20251212,49.8
20251128,SHOP,163.4520873875018,159.34,0.17,20251212,164.19
20251128,AHL,37.921751361089505,36.97,,20251212,37.02
20251128,ZM,86.5290680703481,84.43,0.22,20251212,89.52
20251128,KOP,30.321954110105484,29.6201344537815,,20251212,29.01
20251128,INSW,54.28425239281917,53.09,,20251212,48.55
20251128,KO,74.5097112347423,72.88,0.15,20251212,70.52
20251128,ARDT,9.251528943985017,9.05,0.16,20251212,8.79
20251128,BMRN,56.59298058760973,55.52,0.06,20251212,53.31
20251128,IMVT,24.15305669751274,23.7,,20251212,26.42
20251128,CAL,12.020853637243853,11.8,,20251212,13.2302621722846
20251128,QUAD,5.794598736527991,5.69,0.17,20251212,6.42
20251128,FLOC,17.056741162838684,16.75,,20251212,18.62
20251128,ENOV,30.85599926985286,30.31,,20251212,26.47
20251128,ALK,43.254767543372324,42.51,,20251212,51.4
20251128,IMCR,40.83029007476072,40.13,,20251212,36.8
20251128,RCI,39.804492031872506,39.15,0.04,20251212,36.22
20251128,AMRK,27.714161203790418,27.27,,20251212,
20251128,IMXI,15.379033189949366,15.16,,20251212,15.44
20251128,GDYN,8.772144807225283,8.67,,20251212,9.69
20251128,AHCO,9.722880747924634,9.61,0.28,20251212,10.4
20251128,WMT,110.33336546245297,109.1,0.17,20251212,116.7
20251128,CON,21.0631232837574,20.83,,20251212,19.87
20251128,IDYA,36.27876351169029,35.88,,20251212,34.02
20251128,VCEL,40.80127807495119,40.37,,20251212,36.54
20251128,PEP,149.53670017142585,147.98,0.19,20251212,150.65
20251128,ZTS,129.0071465532293,127.69,0.07,20251212,118.66
20251128,DDOG,160.01069784606594,158.4,0.19,20251212,146.0
20251128,KNF,74.77200687290679,74.03,,20251212,77.29
20251128,KRO,5.150612291868383,5.1,,20251212,5.11
20251128,MATV,12.718782144474442,12.5991262907069,,20251212,12.62
20251128,ATR,124.96396025459914,123.81,,20251212,121.47
20251128,LFST,6.619507785590704,6.56,,20251212,6.91
20251128,AMZN,231.1191558070507,229.16,0.25,20251212,226.19
20251128,SLGN,39.88281416167997,39.55,0.0,20251212,40.04
20251128,SPB,60.11465103728513,59.63,,20251212,61.33
20251128,DAR,36.892937810510944,36.6,,20251212,36.61
20251128,HBM,16.719138029555086,16.59,0.11,20251212,18.68
20251128,MAX,12.847543689782702,12.75,0.42,20251212,13.0
20251128,DVN,36.67299963492643,36.4,0.32,20251212,37.2726833287558
20251128,NESR,14.104291995365152,14.0,,20251212,14.89
20251128,HRTG,28.83103792003302,28.62,0.55,20251212,29.08
20251128,CHMI,2.375797169886192,2.36,,20251212,2.44415094339623
20251128,UAL,102.25286765289441,101.59,0.23,20251212,106.84
20251128,CTRA,26.56085482770115,26.39,0.31,20251212,26.27
20251128,SPNT,21.054843653275345,20.93,,20251212,22.45
20251128,AII,21.11300320629831,20.99,,20251212,20.25
20251128,ITGR,72.4332421707592,72.04,,20251212,72.72
20251128,SLVM,48.07901319026682,47.86,,20251212,50.14
20251128,HQY,105.46054094379454,104.99,0.26,20251212,96.79
20251128,UPWK,19.66343359629212,19.58,0.32,20251212,21.95
20251128,CLS,333.52708591927114,332.24,0.34,20251212,306.5
20251128,DHR,229.2495517531468,228.46,0.24,20251212,226.015979882067
20251128,AAPL,278.46785336740686,277.55,0.2,20251212,278.28
20251128,TBLA,4.112269646513547,4.1,,20251212,4.05
20251128,TWLO,127.34833550261108,127.01,,20251212,132.92
20251128,SBUX,86.92913564864051,86.7,0.17,20251212,85.35
20251128,PRU,108.22950302376152,107.97,0.18,20251212,116.96
20251128,PACS,32.23699203187251,32.16,,20251212,34.79
20251128,NRDS,15.094048269075094,15.06,,20251212,14.44
20251128,ZBH,97.72944358026064,97.55,0.21,20251212,91.3485235636603
20251128,XPO,141.94134466119584,141.73,,20251212,149.06
20251128,MRVL,87.79208417326709,87.72,0.1,20251212,84.425
20251128,W,112.59447746861161,112.55,0.22,20251212,97.31
20251128,UHS,244.2195696100062,244.18,0.31,20251212,222.6
20251128,AVGO,397.45957318137806,397.57,0.21,20251212,359.246122478807
20251128,FSLR,272.1311675211504,272.21,0.3,20251212,254.8
20251128,AMTM,29.304540483484388,29.33,0.31,20251212,29.72
20251128,BIIB,181.7608631609022,181.94,0.21,20251212,174.1
20251128,GOOGL,319.5041110061745,319.95,0.22,20251212,309.29
20251128,WELL,205.95890263646606,206.25,0.33,20251212,186.73
20251128,IBM,302.715533245504,303.21,0.27,20251212,309.24
20251128,MD,24.395400073014713,24.45,0.31,20251212,22.5
20251128,MU,229.72811082363773,230.26,0.29,20251212,241.045831875987
20251128,TXG,18.676688862081555,18.75,0.07,20251212,15.46
20251128,TX,36.40354772146474,36.56,,20251212,38.17
20251128,ASML,1033.6454258265742,1040.97,0.16,20251212,1080.85
20251128,CVE,17.434838177171788,17.56,0.36,20251212,17.8827179753058
20251128,HLF,13.216996793701686,13.34,0.36,20251212,14.74
20251128,ERIE,288.7419713972794,294.24,0.0,20251212,287.33
20251128,TSLA,417.6152844399295,426.58,0.14,20251212,458.96
20251208,W,110.89815717210837,95.21,,20251222,103.64
20251208,ENOV,30.817226234504215,27.02,,20251222,27.2
20251208,VCEL,40.68495896890525,36.23,,20251222,37.37
20251208,HQY,105.64471286170061,94.51,,20251222,93.78
20251208,BABA,175.32452500753956,158.32,,20251222,150.96
20251208,CDE,17.38012007745909,15.86,0.25,20251222,18.89
20251208,HRTG,29.247848050030953,26.73,,20251222,29.61
20251208,ZTS,129.48211623625022,118.65,0.21,20251222,123.78
20251208,PACS,33.44864938651767,30.76,0.2,20251222,36.88
20251208,MD,24.046442754876907,22.12,,20251222,22.0
20251208,KOP,30.370290074760717,28.01,,20251222,27.27
20251208,KRO,5.121532515356899,4.73,,20251222,4.6
20251208,AII,21.258402088855732,19.79,,20251222,21.06
20251208,CON,20.801405295154044,19.47,,20251222,19.68
20251208,BMRN,56.99040419993334,53.4,,20251222,59.28
20251208,DDOG,161.5713125188489,151.41,0.1,20251222,141.84
20251208,CVS,80.7010961730766,75.63,0.26,20251222,78.36
20251208,CVS,80.7010961730766,75.63,0.26,20251222,78.36
20251208,KO,74.6871303233282,70.0,0.22,20251222,70.21
20251208,KO,74.6871303233282,70.0,0.22,20251222,70.21
20251208,CVX,159.36439790638244,150.0,0.24,20251222,149.8
20251208,CLS,345.32378192409647,325.09,,20251222,306.86
20251208,RCI,39.78231464579927,37.5,,20251222,36.76
20251208,INSW,54.19554284852621,51.13,0.17,20251222,48.76
20251208,FSLR,272.8193888985889,257.61,0.24,20251222,284.59
20251208,UHS,243.6864403739623,231.08,0.2,20251222,226.64
20251208,TXG,18.73484841510452,17.77,,20251222,16.94
20251208,CHA,15.36085006587197,14.58,,20251222,12.35
20251208,SPB,59.8432397898446,57.19,,20251222,60.45
20251208,SBUX,88.95092181076491,85.12,0.12,20251222,86.17
20251208,MATV,12.613003206298313,12.08,,20251222,12.53
20251208,DDI,9.59496254027714,9.215,0.0,20251222,8.33
20251208,ITGR,72.56894779447946,69.84,,20251222,79.23
20251208,AHCO,9.771347042110444,9.42,0.03,20251222,10.29
20251208,IMCR,40.219614768019554,38.78,,20251222,35.98
20251208,ZBH,97.70036380374914,94.28,0.12,20251222,89.5632428869603
20251208,TBLA,4.092883128839225,3.95,,20251222,4.11
20251208,PEP,150.0985272852812,145.02,0.18,20251222,147.05
20251208,HLF,12.625708004634848,12.2,,20251222,13.65
20251208,ARCO,7.667605514198187,7.41,0.05,20251222,7.14
20251208,SLGN,39.97005349121443,38.69,,20251222,40.97
20251208,ATR,125.87512658529229,121.91,,20251222,122.74
20251208,PAR,35.431757194330245,34.33,,20251222,37.41
20251208,AVGO,402.684239694608,390.24,0.26,20251222,341.45
20251208,AHL,37.9808910572848,37.0,,20251222,37.06
20251208,AMZN,235.0546188949382,229.53,0.29,20251222,228.43
20251208,ARDT,8.98981095538166,8.79,0.02,20251222,8.82
20251208,TWLO,129.9461288709703,127.32,,20251222,141.95
20251208,WELL,207.86847462738686,204.31,0.29,20251222,186.43
20251208,CWT,45.60404350724591,44.88,0.45,20251222,43.28
20251208,CWT,45.60404350724591,44.88,0.45,20251222,43.28
20251208,XOM,118.19831839970794,116.54,0.21,20251222,118.15
20251208,LFST,6.561348232567737,6.48,,20251222,7.05
20251208,KNF,75.55716083871685,74.64,,20251222,73.32
20251208,SHOP,162.93461504579292,161.08,,20251222,169.67
20251208,AENT,6.815334677227346,6.74,,20251222,7.85
20251208,DAR,36.902631069348104,36.51,,20251222,34.72
20251208,CHMI,2.5018095347692895,2.48,,20251222,2.61735849056604
20251208,DHR,227.62108426850367,226.25,0.24,20251222,227.69364897676
20251208,IDYA,36.026738781924095,35.87,0.0,20251222,35.5
20251208,BIIB,181.90626204345963,181.3,0.29,20251222,174.7
20251208,SNDX,20.38716441008873,20.32,,20251222,21.48
20251208,IMXI,15.438172886144663,15.4,,20251222,15.39
20251208,AAPL,279.4288734305805,278.78,0.19,20251222,270.97
20251208,IBM,307.92081324105965,307.94,0.21,20251222,302.79
20251208,DVN,37.31275471817908,37.47,0.26,20251222,36.43
20251208,XPO,142.26122220282218,142.92,,20251222,141.28
20251208,AMRK,29.109990476341647,29.25,,20251222,
20251208,GOOGL,319.674137632736,321.27,0.23,20251222,309.78
20251208,MU,235.75731782035203,237.22,0.26,20251222,276.481988216717
20251208,ZM,86.92086855764194,87.65,,20251222,89.99
20251208,AMTM,28.626012364883096,28.88,,20251222,29.87
20251208,UPWK,19.818525737686702,20.08,,20251222,21.29
20251208,CTRA,26.997051475373404,27.39,0.24,20251222,25.52
20251208,QCOM,171.53710782368532,174.81,0.21,20251222,174.22
20251208,DXCM,64.12918675894034,65.49,0.03,20251222,67.43
20251208,UAL,102.61151822986936,104.95,0.26,20251222,116.02
20251208,HBM,17.077788606530056,17.48,0.05,20251222,19.72
20251208,SLVM,47.60404350724591,48.73,0.48,20251222,49.04
20251208,NRDS,15.045581974889286,15.43,,20251222,14.26
20251208,CVE,17.836074189298582,18.31,0.39,20251222,16.72
20251208,SPNT,20.92883128839225,21.49,,20251222,22.63
20251208,PRU,108.50091427120203,111.68,0.19,20251222,114.84
20251208,WMT,111.37570260789512,115.11,0.23,20251222,112.6
20251208,QUAD,5.843065030713799,6.04,,20251222,6.41
20251208,FANG,153.37464389454135,158.6,0.29,20251222,148.46
20251208,STZ,137.47537269249693,142.37,0.07,20251222,141.74
20251208,FLOC,17.269992857256234,18.0,,20251222,18.28
20251208,TX,36.803313518833036,38.43,,20251222,38.46
20251208,ASML,1047.7132810590308,1099.47,0.46,20251222,1056.98
20251208,NESR,14.046132442342184,14.87,,20251222,14.89
20251208,CVNA,375.8855498325423,399.77,,20251222,433.59
20251208,TSLA,420.26917830669356,455.0,0.12,20251222,488.73
20251208,MRVL,89.4205516579102,98.91,,20251222,84.8
20251208,CAL,11.933614307709401,13.33,0.0,20251222,13.2302621722846
20251208,ALK,43.59403160267297,49.65,,20251222,53.48
20251208,ERIE,248.42654707861783,296.46,,20251222,286.15
20251208,MDB,341.8405779273345,409.62,,20251222,439.68
20251208,VERA,34.61132918525102,44.9,,20251222,53.78
20251209,W,110.89815717210837,93.86,0.04,20251223,101.6
20251209,ENOV,30.817226234504215,26.73,0.17,20251223,26.31
20251209,HQY,105.64471286170061,92.09,0.32,20251223,92.69
20251209,KRO,5.121532515356899,4.5,0.0,20251223,4.56
20251209,CDE,17.38012007745909,15.31,0.38,20251223,19.09
20251209,CHA,15.36085006587197,13.73,,20251223,12.45
20251209,MD,24.046442754876907,21.575,,20251223,21.47
20251209,BABA,175.32452500753956,158.18,0.19,20251223,151.23
20251209,ZTS,129.48211623625022,118.195,0.12,20251223,123.54
20251209,VCEL,40.68495896890525,37.3,,20251223,37.38
20251209,RCI,39.78231464579927,36.54,0.04,20251223,36.99
20251209,AII,21.258402088855732,19.53,0.07,20251223,20.76
20251209,PACS,33.44864938651767,30.77,0.2,20251223,37.24
20251209,KOP,30.370290074760717,28.06,0.26,20251223,26.85
20251209,CON,20.801405295154044,19.29,0.19,20251223,19.73
20251209,UHS,243.6864403739623,226.12,0.21,20251223,227.27
20251209,TXG,18.73484841510452,17.47,,20251223,16.5
20251209,CVX,159.36439790638244,148.7,0.22,20251223,150.51
20251209,BMRN,56.99040419993334,53.3,0.06,20251223,61.14
20251209,HLF,12.625708004634848,11.815,0.19,20251223,13.73
20251209,MATV,12.613003206298313,11.81,0.13,20251223,12.27
20251209,SBUX,88.95092181076491,83.41,0.13,20251223,83.86
20251209,FSLR,272.8193888985889,255.88,0.24,20251223,269.39
20251209,KO,74.6871303233282,70.28,0.2,20251223,69.87
20251209,ARCO,7.667605514198187,7.22,0.04,20251223,7.34
20251209,HRTG,29.247848050030953,27.545,0.07,20251223,30.17
20251209,PAR,35.431757194330245,33.525,,20251223,37.09
20251209,IMCR,40.219614768019554,38.11,0.13,20251223,36.19
20251209,CVS,80.7010961730766,76.54,0.26,20251223,78.04
20251209,ZBH,97.70036380374914,92.76,0.14,20251223,89.1942183895419
20251209,SPB,59.8432397898446,56.89,0.34,20251223,59.68
20251209,INSW,54.19554284852621,51.635,0.17,20251223,47.87
20251209,ITGR,72.56894779447946,69.18,,20251223,77.77
20251209,ATR,125.87512658529229,120.05,,20251223,122.19
20251209,DDOG,161.5713125188489,154.28,0.12,20251223,141.23
20251209,CWT,45.60404350724591,43.56,0.36,20251223,43.05
20251209,ARDT,8.98981095538166,8.59,0.02,20251223,8.81
20251209,SLGN,39.97005349121443,38.39,,20251223,40.68
20251209,AHCO,9.771347042110444,9.39,0.03,20251223,10.11
20251209,AMZN,235.0546188949382,226.89,0.26,20251223,232.14
20251209,WELL,207.86847462738686,200.9,0.3,20251223,186.86
20251209,PEP,150.0985272852812,145.63,0.18,20251223,143.68
20251209,SHOP,162.93461504579292,158.41,,20251223,169.53
20251209,AHL,37.9808910572848,36.96,0.45,20251223,37.05
20251209,DDI,9.59496254027714,9.35,0.0,20251223,8.46
20251209,LFST,6.561348232567737,6.41,0.03,20251223,7.06
20251209,CHMI,2.5018095347692895,2.45,,20251223,2.66547169811321
20251209,SNDX,20.38716441008873,19.98,0.45,20251223,21.7
20251209,IDYA,36.026738781924095,35.34,0.0,20251223,35.41
20251209,DAR,36.902631069348104,36.2,0.18,20251223,34.83
20251209,XOM,118.19831839970794,115.99,0.22,20251223,119.42
20251209,GOOGL,319.674137632736,313.72,0.25,20251223,314.35
20251209,CTRA,26.997051475373404,26.58,0.23,20251223,25.98
20251209,CLS,345.32378192409647,340.53,0.36,20251223,303.46
20251209,DHR,227.62108426850367,224.5,0.24,20251223,230.509736385709
20251209,TBLA,4.092883128839225,4.05,0.0,20251223,4.16
20251209,KNF,75.55716083871685,74.77,0.42,20251223,73.76
20251209,XPO,142.26122220282218,140.82,0.3,20251223,140.09
20251209,BIIB,181.90626204345963,180.44,0.28,20251223,174.82
20251209,AAPL,279.4288734305805,277.89,0.16,20251223,272.36
20251209,IMXI,15.438172886144663,15.37,0.05,20251223,15.41
20251209,AVGO,402.684239694608,401.1,0.26,20251223,349.32
20251209,TWLO,129.9461288709703,130.13,,20251223,140.97
20251209,UPWK,19.818525737686702,19.88,0.42,20251223,20.82
20251209,IBM,307.92081324105965,309.38,0.27,20251223,303.78
20251209,AMRK,29.109990476341647,29.25,,20251223,
20251209,NRDS,15.045581974889286,15.13,,20251223,14.05
20251209,CVE,17.836074189298582,17.955,0.37,20251223,16.78
20251209,DVN,37.31275471817908,37.575,0.24,20251223,36.34
20251209,AMTM,28.626012364883096,28.84,,20251223,29.46
20251209,TX,36.803313518833036,37.22,0.0,20251223,38.47
20251209,SLVM,47.60404350724591,48.23,0.46,20251223,48.87
20251209,HBM,17.077788606530056,17.365,0.05,20251223,19.94
20251209,UAL,102.61151822986936,104.5,0.25,20251223,113.53
20251209,WMT,111.37570260789512,113.605,0.2,20251223,110.9
20251209,QCOM,171.53710782368532,175.31,0.21,20251223,174.75
20251209,DXCM,64.12918675894034,65.62,0.04,20251223,66.86
20251209,ZM,86.92086855764194,89.09,,20251223,87.16
20251209,NESR,14.046132442342184,14.41,,20251223,15.08
20251209,PRU,108.50091427120203,111.33,0.19,20251223,114.18
20251209,FANG,153.37464389454135,157.52,0.22,20251223,148.16
20251209,MRVL,89.4205516579102,92.0,,20251223,87.68
20251209,FLOC,17.269992857256234,17.835,,20251223,18.22
20251209,STZ,137.47537269249693,142.02,0.07,20251223,139.23
20251209,SPNT,20.92883128839225,21.63,,20251223,22.47
20251209,QUAD,5.843065030713799,6.085,,20251223,6.4
20251209,TSLA,420.26917830669356,439.58,0.1,20251223,485.56
20251209,MU,235.75731782035203,246.92,0.26,20251223,276.162113180637
20251209,ASML,1047.7132810590308,1119.69,0.42,20251223,1061.84
20251209,AENT,6.815334677227346,7.4,,20251223,7.85
20251209,ALK,43.59403160267297,49.2,0.0,20251223,51.18
20251209,ERIE,248.42654707861783,280.81,,20251223,283.78
20251209,CAL,11.933614307709401,13.52,0.03,20251223,12.8025168539326
20251209,CVNA,375.8855498325423,448.2,,20251223,437.35
20251209,MDB,341.8405779273345,418.71,0.04,20251223,437.13
20251209,VERA,34.61132918525102,45.03,0.04,20251223,53.91
20251210,W,110.89815717210837,94.22,0.04,20251224,100.71
20251210,ENOV,30.817226234504215,27.04,0.25,20251224,26.86
20251210,CHA,15.36085006587197,13.51,,20251224,12.21
20251210,MD,24.046442754876907,21.22,,20251224,21.78
20251210,HQY,105.64471286170061,93.26,0.31,20251224,92.45
20251210,BABA,175.32452500753956,155.96,0.26,20251224,150.06
20251210,ZTS,129.48211623625022,115.75,0.12,20251224,125.49
20251210,IMCR,40.219614768019554,36.64,0.19,20251224,36.57
20251210,KRO,5.121532515356899,4.67,0.0,20251224,4.59
20251210,INSW,54.19554284852621,49.52,0.21,20251224,48.01
20251210,KOP,30.370290074760717,27.79,0.26,20251224,27.25
20251210,ATR,125.87512658529229,115.72,,20251224,122.75
20251210,RCI,39.78231464579927,36.58,0.04,20251224,37.27
20251210,CDE,17.38012007745909,16.07,0.45,20251224,18.72
20251210,UHS,243.6864403739623,225.35,0.21,20251224,227.08
20251210,SBUX,88.95092181076491,82.28,0.13,20251224,84.57
20251210,CWT,45.60404350724591,42.31,0.33,20251224,43.29
20251210,FSLR,272.8193888985889,253.42,0.24,20251224,272.21
20251210,PACS,33.44864938651767,31.12,0.32,20251224,37.31
20251210,CVX,159.36439790638244,148.49,0.18,20251224,150.5
20251210,CON,20.801405295154044,19.4,0.19,20251224,19.85
20251210,AII,21.258402088855732,19.92,0.07,20251224,20.74
20251210,KO,74.6871303233282,70.09,0.2,20251224,70.11
20251210,WELL,207.86847462738686,195.8,0.34,20251224,187.7
20251210,BMRN,56.99040419993334,53.74,0.07,20251224,60.16
20251210,VCEL,40.68495896890525,38.38,,20251224,37.56
20251210,DDOG,161.5713125188489,152.57,0.12,20251224,138.04
20251210,ZBH,97.70036380374914,92.27,0.16,20251224,89.992109194771
20251210,IDYA,36.026738781924095,34.08,0.07,20251224,35.68
20251210,ARCO,7.667605514198187,7.28,0.05,20251224,7.33
20251210,TXG,18.73484841510452,17.84,,20251224,16.69
20251210,SLGN,39.97005349121443,38.14,0.46,20251224,40.83
20251210,ARDT,8.98981095538166,8.59,0.01,20251224,8.97
20251210,SNDX,20.38716441008873,19.51,0.42,20251224,21.6
20251210,DAR,36.902631069348104,35.43,0.28,20251224,35.45
20251210,PEP,150.0985272852812,144.64,0.19,20251224,143.74
20251210,HRTG,29.247848050030953,28.2,0.07,20251224,29.78
20251210,MATV,12.613003206298313,12.17,0.13,20251224,12.36
20251210,BIIB,181.90626204345963,175.84,0.27,20251224,176.33
20251210,CVS,80.7010961730766,78.24,0.32,20251224,79.12
20251210,AMZN,235.0546188949382,227.92,0.23,20251224,232.38
20251210,AHCO,9.771347042110444,9.49,0.03,20251224,10.24
20251210,DDI,9.59496254027714,9.32,0.0,20251224,8.32
20251210,SPB,59.8432397898446,58.26,0.35,20251224,59.84
20251210,AHL,37.9808910572848,37.0,0.44,20251224,37.05
20251210,DHR,227.62108426850367,223.23,0.28,20251224,231.148848421783
20251210,SHOP,162.93461504579292,159.89,,20251224,169.45
20251210,KNF,75.55716083871685,74.21,0.42,20251224,73.46
20251210,ITGR,72.56894779447946,71.6,,20251224,78.71
20251210,NRDS,15.045581974889286,14.85,,20251224,14.01
20251210,LFST,6.561348232567737,6.48,0.04,20251224,7.09
20251210,CLS,345.32378192409647,342.03,0.38,20251224,308.59
20251210,CHMI,2.5018095347692895,2.48,,20251224,2.65584905660377
20251210,GOOGL,319.674137632736,317.08,0.28,20251224,314.09
20251210,AAPL,279.4288734305805,277.18,0.16,20251224,273.81
20251210,MRVL,89.4205516579102,88.9,,20251224,86.49
20251210,CTRA,26.997051475373404,26.86,0.2,20251224,25.69
20251210,CVE,17.836074189298582,17.75,0.36,20251224,16.73
20251210,HLF,12.625708004634848,12.57,0.16,20251224,14.18
20251210,IMXI,15.438172886144663,15.4,0.12,20251224,15.385
20251210,TWLO,129.9461288709703,129.65,,20251224,140.31
20251210,XOM,118.19831839970794,118.25,0.28,20251224,119.22
20251210,DVN,37.31275471817908,37.4,0.25,20251224,36.2
20251210,PAR,35.431757194330245,35.54,0.03,20251224,37.22
20251210,XPO,142.26122220282218,142.74,0.18,20251224,141.14
20251210,AMTM,28.626012364883096,28.84,0.47,20251224,29.91
20251210,ZM,86.92086855764194,87.63,,20251224,87.79
20251210,IBM,307.92081324105965,310.48,0.28,20251224,304.56
20251210,AVGO,402.684239694608,406.29,0.25,20251224,350.22
20251210,SLVM,47.60404350724591,48.06,0.42,20251224,48.96
20251210,TX,36.803313518833036,37.26,0.0,20251224,38.16
20251210,SPNT,20.92883128839225,21.31,0.48,20251224,22.66
20251210,TBLA,4.092883128839225,4.18,0.15,20251224,4.32
20251210,QCOM,171.53710782368532,176.0,0.2,20251224,174.77
20251210,HBM,17.077788606530056,17.57,0.24,20251224,19.86
20251210,PRU,108.50091427120203,111.68,0.2,20251224,114.55
20251210,UAL,102.61151822986936,105.7,0.22,20251224,114.81
20251210,FANG,153.37464389454135,158.17,0.23,20251224,146.91
20251210,WMT,111.37570260789512,115.06,0.18,20251224,111.61
20251210,FLOC,17.269992857256234,17.85,,20251224,18.02
20251210,DXCM,64.12918675894034,66.33,0.04,20251224,67.42
20251210,STZ,137.47537269249693,143.37,0.09,20251224,140.49
20251210,QUAD,5.843065030713799,6.15,,20251224,6.43
20251210,NESR,14.046132442342184,14.84,,20251224,15.07
20251210,UPWK,19.818525737686702,20.98,0.41,20251224,20.97
20251210,TSLA,420.26917830669356,445.17,0.09,20251224,485.4
20251210,ASML,1047.7132810590308,1111.44,0.42,20251224,1065.52
20251210,CAL,11.933614307709401,12.74,0.05,20251224,13.0810486891386
20251210,MU,235.75731782035203,252.42,0.27,20251224,286.568047948113
20251210,ERIE,248.42654707861783,277.4,,20251224,284.0
20251210,ALK,43.59403160267297,49.54,0.1,20251224,51.38
20251210,AENT,6.815334677227346,8.04,,20251224,7.935
20251210,MDB,341.8405779273345,414.06,0.03,20251224,435.51
20251210,CVNA,375.8855498325423,456.33,,20251224,441.57
20251210,VERA,34.61132918525102,44.66,0.05,20251224,55.67
20251210,AMRK,29.109990476341647,,,20251224,
20251211,IMCR,37.447342740591424,36.03,0.27,20251225,
20251211,UHS,230.59636640688242,222.85,0.19,20251225,
20251211,DDI,9.6046557991143,9.3,0.0,20251225,
20251211,CHA,13.926247757972096,13.49,0.0,20251225,
20251211,ARDT,8.805639037475595,8.54,0.01,20251225,
20251211,AENT,8.11423136140696,7.87,,20251225,
20251211,TBLA,4.189815717210838,4.07,0.14,20251225,
20251211,NRDS,15.194195012777575,14.76,,20251225,
20251211,UPWK,21.020489833494707,20.48,0.4,20251225,
20251211,WELL,196.05032364565642,191.07,0.33,20251225,
20251211,AHL,37.943928747162744,37.03,0.44,20251225,
20251211,CLDX,28.858386612910905,28.19,0.46,20251225,
20251211,DBRG,15.14748305582451,14.8,0.02,20251225,
20251211,DAR,35.75882652656307,34.97,0.33,20251225,
20251211,VERA,45.186674576594015,44.34,0.07,20251225,
20251211,CRNX,48.83341335851812,48.06,0.22,20251225,
20251211,BA,201.87149799209539,198.72,0.26,20251225,
20251211,CDE,16.21692901699973,15.97,0.45,20251225,
20251211,TXG,17.794602307899876,17.53,,20251225,
20251211,WMT,114.73927282900272,113.18,0.18,20251225,
20251211,IMXI,15.556452278535263,15.37,0.13,20251225,
20251211,LNTH,61.495016031491566,60.82,0.04,20251225,
20251211,FI,67.25138624783733,66.57,0.11,20251225,
20251211,MD,21.598093006460214,21.38,,20251225,
20251211,XOM,120.31256253868986,119.54,0.28,20251225,
20251211,PACS,31.228893112807732,31.12,0.37,20251225,
20251211,CON,19.676987270043334,19.61,0.24,20251225,
20251211,CCJ,94.02746877033698,93.76,0.36,20251225,
20251211,UTL,48.37618831447119,48.25,,20251225,
20251211,NESR,14.918525737686702,14.94,,20251225,
20251211,UTZ,9.759566038634308,9.78,,20251225,
20251211,AAPL,278.19433227250363,278.78,0.16,20251225,
20251211,ZM,87.77876946397676,88.05,,20251225,
20251211,HAL,28.9398402406311,29.04,0.28,20251225,
20251211,CVS,78.64612529959842,78.97,0.3,20251225,
20251211,SLP,19.704291995365157,19.8,0.21,20251225,
20251211,ZBH,92.61140291423945,93.09,0.13,20251225,
20251211,PRCT,35.52452738845415,35.71,0.02,20251225,
20251211,QUAD,6.240488643037413,6.28,,20251225,
20251211,CHMI,2.492116275932128,2.51,,20251225,
20251211,GOOGL,317.3824744051682,320.21,0.27,20251225,
20251211,IBM,309.76253242012035,312.67,0.29,20251225,
20251211,FANG,158.78348232567734,160.28,0.24,20251225,
20251211,ERIE,272.4185235154997,275.0,0.0,20251225,
20251211,BIIB,175.8479752702338,177.55,0.24,20251225,
20251211,DXCM,66.90145878636847,67.56,0.03,20251225,
20251211,PMTS,17.984838891446167,18.2,0.38,20251225,
20251211,PFE,25.445027936064506,25.78,0.2,20251225,
20251211,CVE,17.575294955635623,17.86,0.3,20251225,
20251211,CLS,343.016786320852,348.66,0.38,20251225,
20251211,MTDR,44.98354772146474,45.75,0.37,20251225,
20251211,FSLR,257.6494265964032,262.23,0.24,20251225,
20251211,PEP,147.06761785527212,149.7,0.19,20251225,
20251211,SPNT,21.423187489087475,21.83,0.46,20251225,
20251211,DVN,37.64232551864256,38.41,0.22,20251225,
20251211,BILL,54.46870644910398,55.59,0.22,20251225,
20251211,MATV,12.302818923509152,12.58,0.13,20251225,
20251211,FLOC,18.12299963492643,18.55,,20251225,
20251211,TWLO,131.83772436151807,134.97,,20251225,
20251211,AVGO,403.077513214076,412.97,0.26,20251225,
20251211,ASIX,16.319623101220614,16.73,0.0,20251225,
20251211,DDL,2.0473002015841013,2.1,0.21,20251225,
20251211,PRU,111.82570205234839,114.76,0.21,20251225,
20251211,SNDX,20.08667338613673,20.62,0.39,20251225,
20251211,KRO,4.733802161870446,4.86,0.0,20251225,
20251211,AMTM,28.829570800463486,29.6,0.47,20251225,
20251211,CVNA,455.2054868970334,467.67,,20251225,
20251211,DHR,224.1799773813114,230.42,0.28,20251225,
20251211,SHOP,163.85867279884445,168.42,,20251225,
20251211,COP,94.03366660846655,96.8,0.22,20251225,
20251211,STZ,144.25096061967272,148.51,0.1,20251225,
20251211,GPCR,66.95165140235869,68.94,0.54,20251225,
20251211,NX,14.07078705099919,14.5,0.23,20251225,
20251211,QCOM,176.75618601292044,182.21,0.21,20251225,
20251211,ASML,1085.7401057126078,1119.32,0.42,20251225,
20251211,CG,57.875270471897274,59.73,0.11,20251225,
20251211,TX,36.9210200631736,38.12,0.0,20251225,
20251211,HBM,17.669077395596897,18.25,0.24,20251225,
20251211,ALK,50.06912850589673,51.75,0.14,20251225,
20251211,CAL,12.932019967937016,13.38,0.06,20251225,
20251211,MDB,412.6683153442009,427.41,0.02,20251225,
20251211,SLB,38.516866002126946,39.93,0.31,20251225,
20251211,CSTM,17.467114490246185,18.14,,20251225,
20251211,MRVL,88.93588871605212,92.47,0.44,20251225,
20251211,SLVM,48.27287836701005,50.23,0.28,20251225,
20251211,SPB,58.786674576594024,61.18,0.39,20251225,
20251211,XPO,144.27323232964557,150.43,0.18,20251225,
20251211,TSLA,431.35787134331207,451.45,0.09,20251225,
20251211,MU,251.20837240678716,263.71,0.28,20251225,
20251211,HLF,12.470615863240265,13.5,0.19,20251225,
20251211,BRZE,31.085265710068093,36.19,0.37,20251225,
20251211,AMRK,29.633426453548356,,0.12,20251225,
20251212,TXG,17.494111283947873,16.54,,20251226,16.49
20251212,AENT,7.94944596117522,7.6,,20251226,7.73
20251212,BRZE,36.455331105855464,34.93,0.41,20251226,35.4
20251212,WELL,192.5536891081094,184.97,0.34,20251226,187.86
20251212,TBLA,4.182124132950271,4.03,0.15,20251226,4.49
20251212,SNDX,21.162625117061637,20.41,0.42,20251226,21.3
20251212,CLDX,28.95531920128252,27.94,0.44,20251226,26.4
20251212,UIS,3.0980965381501875,2.99,0.36,20251226,2.86
20251212,MRVL,92.3963821209187,89.43,0.45,20251226,86.34
20251212,DDL,2.115153013444231,2.05,0.21,20251226,2.88
20251212,NRDS,15.127662854557865,14.67,0.04,20251226,13.94
20251212,IMCR,36.856053951524586,35.8,0.28,20251226,36.13
20251212,BIIB,177.5055225313884,172.5,0.24,20251226,177.08
20251212,PMTS,18.50827486865288,17.99,0.34,20251226,15.21
20251212,DVN,38.62134466119585,37.54,0.24,20251226,35.67
20251212,MTDR,46.15643204076125,44.89,0.4,20251226,41.55
20251212,GPCR,69.08416834653417,67.44,0.41,20251226,68.34
20251212,MNKD,5.950426818621926,5.81,0.13,20251226,5.79
20251212,FANG,160.8287599403184,157.04,0.23,20251226,146.31
20251212,SHOP,168.62520983793905,164.75,,20251226,170.83
20251212,AHL,37.96610613323598,37.1,0.42,20251226,37.04
20251212,GOOGL,319.6963150188092,312.43,0.29,20251226,313.51
20251212,ASIX,17.075697290519198,16.7,0.0,20251226,17.38
20251212,SLP,19.89815717210838,19.51,0.22,20251226,18.76
20251212,UHS,228.74825090077934,224.58,0.18,20251226,227.64
20251212,ZTS,119.68223155188012,117.66,0.16,20251226,126.23
20251212,MPAA,13.767234567705275,13.54,0.25,20251226,12.48
20251212,BILL,55.7676031332836,54.96,0.15,20251226,55.23
20251212,XOM,121.26619013983907,119.54,0.26,20251226,119.11
20251212,CHA,13.906861240297774,13.71,0.0,20251226,11.9
20251212,MU,262.15206163394225,258.46,0.3,20251226,284.678786016266
20251212,AHCO,10.382022348851605,10.25,0.03,20251226,10.25
20251212,MDB,425.6088158918113,420.39,0.02,20251226,435.85
20251212,PEP,150.80820363962476,149.04,0.19,20251226,143.78
20251212,TWLO,135.77051415850542,134.24,,20251226,140.46
20251212,SLVM,50.376315534674056,49.82,0.29,20251226,48.97
20251212,ZBH,93.40625013888669,92.45,0.13,20251226,90.5306854883006
20251212,COP,97.3002948365899,96.71,0.2,20251226,91.54
20251212,HAL,29.279893493754066,29.12,0.29,20251226,27.96
20251212,IMXI,15.534274892462024,15.45,0.12,20251226,15.42
20251212,PRCT,36.212748765892606,36.03,0.01,20251226,32.41
20251212,AAPL,279.37712619640956,278.03,0.17,20251226,273.4
20251212,QCOM,182.10846867510043,181.27,0.22,20251226,174.81
20251212,NESR,15.015458326058315,14.95,,20251226,15.09
20251212,AVGO,408.0156778463834,406.37,0.21,20251226,352.13
20251212,IBM,311.88535610545864,310.74,0.3,20251226,305.09
20251212,PFE,25.881224583736767,25.8,0.18,20251226,25.09
20251212,ARDT,8.757172743289788,8.73,0.0,20251226,9.22
20251212,XPO,150.3744798495262,150.12,0.17,20251226,141.32
20251212,CAL,13.552388533515341,13.53,0.06,20251226,13.28
20251212,KRO,4.917974079776512,4.91,0.0,20251226,4.59
20251212,CON,19.88054570562372,19.88,0.24,20251226,20.03
20251212,STZ,149.2332956619736,149.55,0.09,20251226,139.41
20251212,BA,200.27211028396377,200.71,0.26,20251226,216.44
20251212,HTO,48.35029721750448,48.46,0.4,20251226,48.83
20251212,CVE,17.656612037904157,17.72,0.26,20251226,16.71
20251212,CG,59.901161568863984,60.18,0.08,20251226,61.09
20251212,DHR,231.1494304852304,232.37,0.27,20251226,230.32
20251212,CLS,349.44341692989,351.41,0.39,20251226,303.56
20251212,SLB,40.09686719258424,40.34,0.3,20251226,37.79
20251212,FLOC,18.801527753527722,18.92,,20251226,18.01
20251212,ALK,52.21133870890939,52.55,0.12,20251226,51.49
20251212,CRNX,48.988505499912705,49.31,0.28,20251226,47.96
20251212,FI,67.60034356597514,68.16,0.11,20251226,67.5
20251212,TNC,76.94598736527992,77.61,0.43,20251226,75.43
20251212,SPB,61.61710615704513,62.25,0.4,20251226,60.06
20251212,NX,14.914100569832225,15.08,0.23,20251226,15.32
20251212,TX,38.053743908826846,38.49,0.0,20251226,38.44
20251212,ZM,89.20513932318535,90.24,0.04,20251226,88.04
20251212,DXCM,68.09372962333931,68.94,0.01,20251226,67.57
20251212,CVNA,466.1976424183743,472.73,0.16,20251226,438.47
20251212,CCJ,94.41519912382344,95.74,0.31,20251226,92.84
20251212,HBM,18.328218996523866,18.62,0.26,20251226,20.22
20251212,SPNT,21.92723694861986,22.28,0.5,20251226,22.31
20251212,CSTM,18.20380216187045,18.53,,20251226,18.95
20251212,MD,21.71637239885081,22.11,,20251226,21.87
20251212,AMTM,29.566258472087746,30.13,0.45,20251226,29.73
20251212,WMT,113.34948996841321,115.52,0.19,20251226,111.74
20251212,CHMI,2.521196052443612,2.57,,20251226,2.61735849056604
20251212,PRU,114.81122577419407,117.05,0.21,20251226,113.97
20251212,KNF,76.75912493452485,78.5,0.41,20251226,73.68
20251212,DBRG,14.876071808383994,15.24,0.2,20251226,13.9109315960912
20251212,TSLA,436.0003374946429,446.89,0.08,20251226,475.19
20251212,VERA,44.87649029380486,46.02,0.09,20251226,53.58
20251212,QUAD,6.36650100792051,6.53,,20251226,6.37
20251212,LNTH,61.4368564784686,63.1,0.04,20251226,66.71
20251212,ASML,1091.5653657878445,1122.84,0.34,20251226,1072.75
20251212,FSLR,264.1621856399105,272.83,0.25,20251226,269.69
20251212,HLF,13.372088935096269,14.16,0.5,20251226,13.33
20251212,UPWK,20.535826891636642,21.92,0.5,20251226,20.85
20251212,PACS,31.228893112807732,33.38,0.33,20251226,38.11
20251212,CDE,16.119996428628117,17.48,0.49,20251226,19.19
20251212,ERIE,233.27939239059697,278.96,0.28,20251226,282.4
20251212,AMRK,29.633426453548356,,0.1,20251226,
20251216,ALAB,174.38403279313027,143.66,0.19,20251230,170.84
20251216,AVGO,403.13665291027127,339.81,0.03,20251230,349.85
20251216,CLS,352.1090631101094,302.98,0.31,20251230,299.4
20251216,PMTS,18.304716433072493,16.43,0.06,20251230,14.69
20251216,NRDS,15.061130696338154,13.65,,20251230,13.95
20251216,DBRG,15.302575197219092,14.03,0.42,20251230,15.2700456026059
20251216,MU,257.0631007444326,237.5,0.22,20251230,292.63
20251216,CCJ,96.33446437358137,89.78,0.24,20251230,91.37
20251216,ASIX,17.046617514007714,15.97,,20251230,17.56
20251216,TBLA,4.152554284852622,3.9,0.23,20251230,4.54
20251216,BRZE,35.233980492373135,33.12,0.42,20251230,34.77
20251216,FSLR,271.99819538578754,255.89,0.27,20251230,264.3
20251216,UIS,3.059323502801543,2.88,0.28,20251230,2.78
20251216,MRVL,89.44963143442168,84.26,0.11,20251230,86.76
20251216,CLDX,28.71298773035349,27.09,0.19,20251230,26.43
20251216,FLOC,19.160178330502696,18.09,,20251230,18.78
20251216,DXCM,69.43139934286756,65.73,-0.23,20251230,67.06
20251216,CVNA,471.10243138997794,447.92,0.27,20251230,429.55
20251216,WDAY,225.80069427469402,214.9,0.13,20251230,216.93
20251216,AENT,7.687727972571864,7.32,0.19,20251230,8.03
20251216,TXG,16.534478659068903,15.76,,20251230,16.29
20251216,MTDR,45.322811780765385,43.21,0.33,20251230,42.79
20251216,STZ,150.24139458103843,143.47,0.14,20251230,140.13
20251216,BILL,56.634039380327295,54.17,0.08,20251230,55.14
20251216,DVN,37.77803114236282,36.17,0.29,20251230,36.82
20251216,CG,60.337358216536245,57.8,0.11,20251230,60.13
20251216,GPCR,67.63017952095997,64.8,0.38,20251230,67.78
20251216,ZM,90.30871002047586,86.54,0.03,20251230,86.3
20251216,SLB,40.49429080490786,38.9,0.28,20251230,38.55
20251216,CDE,17.583678513039477,16.91,0.42,20251230,18.09
20251216,KNF,79.10489357311788,76.27,0.0,20251230,71.67
20251216,SHOP,165.06778384470087,159.85,0.41,20251230,163.74
20251216,CHMI,2.5793556054665796,2.5,,20251230,2.58849056603774
20251216,COP,97.21305550705543,94.36,0.19,20251230,94.1
20251216,XOM,121.26619013983907,117.76,0.24,20251230,120.99
20251216,TNC,78.6035346264345,76.38,0.33,20251230,74.05
20251216,CBZ,54.90794788971604,53.38,0.22,20251230,51.29
20251216,LKQ,31.360851256329262,30.52,0.16,20251230,30.81
20251216,UHS,230.02714683100268,223.87,0.11,20251230,225.06
20251216,MATV,13.068586371644894,12.73,0.04,20251230,12.53
20251216,HAL,29.14576625767845,28.41,0.33,20251230,28.49
20251216,UPWK,21.93165616418787,21.38,0.32,20251230,19.55
20251216,AMTM,30.080001190457292,29.35,0.43,20251230,29.3
20251216,DAR,37.07710972841701,36.19,0.39,20251230,36.53
20251216,AHL,38.017853367406865,37.11,,20251230,37.04
20251216,FANG,157.68814407707814,154.06,0.21,20251230,151.25
20251216,XPO,150.0739888255742,146.68,0.24,20251230,137.69
20251216,ALK,52.98679941588229,51.89,0.07,20251230,50.13
20251216,SBUX,87.19890831097919,85.4,0.09,20251230,85.25
20251216,KRO,4.9664403739623175,4.87,,20251230,4.46
20251216,DHR,233.03961595847687,228.53,0.21,20251230,230.67
20251216,GOOGL,313.94497956381645,308.22,0.22,20251230,313.85
20251216,CVS,81.1566793384232,79.69,0.3,20251230,79.85
20251216,CRNX,50.20016285455787,49.32,0.37,20251230,47.39
20251216,SPB,62.65428485262139,61.58,0.17,20251230,59.45
20251216,AAPL,278.8226915445786,274.11,0.2,20251230,273.08
20251216,IMCR,36.63310899826987,36.02,0.35,20251230,34.1
20251216,IMXI,15.593414588657323,15.35,,20251230,15.35
20251216,CON,20.142263694227076,19.88,0.24,20251230,19.96
20251216,NESR,15.025151584895477,14.83,0.45,20251230,15.63
20251216,PRCT,36.522933048681764,36.1,0.26,20251230,31.53
20251216,CSTM,18.58183925651974,18.38,0.4,20251230,18.97
20251216,UAL,108.84428366216409,107.7,0.22,20251230,111.52
20251216,SLP,19.617052665830702,19.43,0.24,20251230,18.22
20251216,TWLO,135.2308644307233,133.96,0.14,20251230,144.14
20251216,QUAD,6.608832478849543,6.55,0.31,20251230,6.3
20251216,DDL,2.066686719258424,2.05,,20251230,2.49
20251216,QCOM,180.6520134997857,179.26,0.26,20251230,173.65
20251216,AHCO,10.34324931350296,10.27,-0.27,20251230,10.12
20251216,MDB,418.804148188124,416.0,0.0,20251230,421.23
20251216,ASML,1094.1675124204378,1087.82,0.28,20251230,1072.14
20251216,ARDT,8.941344661195854,8.9,0.0,20251230,9.04
20251216,CAL,13.69778741607276,13.64,0.08,20251230,13.01
20251216,ZBH,92.78588157330836,92.43,0.09,20251230,90.79
20251216,SNDX,20.959066681481247,20.88,0.38,20251230,20.74
20251216,LW,59.67999523817082,59.46,-0.06,20251230,41.95
20251216,FI,69.14157172108379,68.97,-0.04,20251230,67.54
20251216,SPNT,22.363433596292122,22.32,0.5,20251230,22.06
20251216,HTO,48.84465341819971,48.87,0.26,20251230,49.26
20251216,MNKD,5.921347042110442,5.94,,20251230,5.66
20251216,CHA,14.120112934715323,14.18,0.0,20251230,11.68
20251216,PRU,117.030982047904,117.6,0.21,20251230,113.69
20251216,CVE,17.553117569562385,17.64,0.29,20251230,17.04
20251216,PEP,150.32030114601358,151.22,0.19,20251230,144.16
20251216,HBM,18.686869573498836,18.85,0.28,20251230,19.9
20251216,TX,37.83029289217632,38.22,0.22,20251230,38.18
20251216,UTL,49.238888350978556,49.75,,20251230,48.59
20251216,WELL,188.0442872732179,190.47,0.31,20251230,188.0
20251216,IBM,304.5731726877351,308.66,0.25,20251230,302.05
20251216,ZTS,119.28480793955652,120.98,-0.08,20251230,126.41
20251216,WMT,115.07932608212568,116.79,0.18,20251230,111.92
20251216,BA,202.20106879255889,205.5,0.24,20251230,218.5
20251216,BIIB,172.61042681862193,175.74,0.1,20251230,176.4
20251216,MD,22.256022126632914,22.69,,20251230,21.82
20251216,PFE,25.90061110141109,26.43,0.17,20251230,24.99
20251216,SLGN,39.54355010237933,40.4,0.24,20251230,40.65
20251216,SLVM,49.978891922350435,51.45,0.13,20251230,48.29
20251216,NX,15.476309582387582,16.07,0.09,20251230,15.53
20251216,PACS,33.41956961000619,34.75,-0.05,20251230,39.27
20251216,LNTH,63.64691949334138,66.57,0.16,20251230,67.16
20251216,VERA,46.50495777844797,49.21,0.1,20251230,51.17
20251216,HLF,14.011844018348915,14.9,0.44,20251230,12.84
20251216,TSLA,432.6293748115109,475.31,0.09,20251230,454.43
20251216,ERIE,236.2068073522642,287.04,0.39,20251230,287.85
20251216,AMRK,29.633426453548356,,0.08,20251230,
20251217,CHA,14.575696100061904,13.69,0.0,20251231,11.63
20251217,PFE,27.12099756353074,25.53,0.1,20251231,24.9
20251217,HAL,28.814168386216092,27.19,0.21,20251231,28.26
20251217,CLS,305.16461056173716,288.87,0.3,20251231,295.61
20251217,KRO,4.927667338613673,4.67,-0.22,20251231,4.42
20251217,GPCR,65.07115918794939,61.71,0.34,20251231,69.55
20251217,DBRG,14.129690877922572,13.47,0.42,20251231,15.34
20251217,XOM,119.95033189949366,114.68,0.16,20251231,120.34
20251217,COP,94.93513968032252,90.77,0.22,20251231,93.61
20251217,DAR,36.49551419818733,35.03,0.37,20251231,36.0
20251217,CCJ,90.55728210663322,87.05,0.18,20251231,91.49
20251217,UIS,2.952697655592768,2.84,0.34,20251231,2.76
20251217,SLB,39.09846153235662,37.61,0.26,20251231,38.38
20251217,CVE,17.493977873367086,16.83,0.29,20251231,16.92
20251217,KO,73.09775098807955,70.37,0.27,20251231,69.91
20251217,SLP,19.53950659513341,18.86,0.01,20251231,18.23
20251217,SNDX,21.414649846827828,20.72,0.41,20251231,21.01
20251217,CRNX,50.20985611339503,48.61,0.36,20251231,46.55
20251217,FI,69.92672568689385,67.7,-0.06,20251231,67.17
20251217,LKQ,30.856801796796876,29.92,0.14,20251231,30.2
20251217,NESR,14.908832478849542,14.46,0.45,20251231,15.66
20251217,UHS,229.50228202726942,222.64,0.19,20251231,218.02
20251217,SBUX,87.68681080459041,85.08,0.09,20251231,84.21
20251217,CON,20.142263694227076,19.55,0.22,20251231,19.68
20251217,SPB,62.004836510531575,60.2,-0.02,20251231,59.08
20251217,LNTH,67.01048030983635,65.17,0.12,20251231,66.55
20251217,VERA,49.59710734750242,48.3,0.18,20251231,50.64
20251217,PRCT,36.5907858605419,35.66,0.26,20251231,31.46
20251217,BIIB,175.83387136712116,171.5,0.09,20251231,175.99
20251217,AHL,38.02524582943128,37.09,,20251231,37.1
20251217,MNKD,6.04735940699354,5.91,,20251231,5.67
20251217,FLOC,18.355637847018304,17.94,,20251231,18.74
20251217,CVS,80.05164783098681,78.29,0.28,20251231,79.36
20251217,SPNT,22.402206631640766,21.95,,20251231,21.89
20251217,DHR,229.31740456500688,224.7,0.17,20251231,228.92
20251217,ZBH,92.76649505563404,90.91,0.09,20251231,89.92
20251217,CBZ,54.549297312741075,53.49,0.19,20251231,50.45
20251217,HLF,14.729145172298853,14.45,0.44,20251231,12.89
20251217,HBM,18.909814526753543,18.57,0.28,20251231,19.85
20251217,MU,236.7460302217425,232.51,0.2,20251231,285.41
20251217,QCOM,179.2489573181378,176.12,0.24,20251231,171.05
20251217,ASIX,16.33900961889494,16.07,,20251231,17.3
20251217,MD,22.684784924048827,22.32,0.42,20251231,21.39
20251217,PACS,34.74754607069729,34.2,-0.13,20251231,38.39
20251217,IBM,307.998359311757,303.18,0.22,20251231,296.21
20251217,GOOGL,310.83275305153893,306.57,0.22,20251231,313.0
20251217,QUAD,6.628218996523865,6.54,0.33,20251231,6.27
20251217,LFST,6.968465103728512,6.88,0.36,20251231,7.04
20251217,PMTS,16.792568054475325,16.58,-0.03,20251231,14.68
20251217,NX,16.435942207266553,16.23,0.02,20251231,15.38
20251217,STZ,144.3478932080443,142.59,0.14,20251231,137.96
20251217,TNC,77.41126378946365,76.47,0.34,20251231,73.7
20251217,PEP,151.93185786733542,150.37,0.18,20251231,143.52
20251217,MA,571.8103042808843,566.02,0.21,20251231,570.88
20251217,KNF,76.9432968524309,76.22,0.26,20251231,70.35
20251217,IMXI,15.519489968413199,15.38,,20251231,15.36
20251217,AENT,7.416316725131347,7.35,0.19,20251231,8.08
20251217,WELL,192.11014138664464,190.4,0.32,20251231,185.61
20251217,CDE,17.03116275932128,16.89,0.42,20251231,17.83
20251217,CRM,256.9593912001397,254.91,0.22,20251231,264.91
20251217,AMTM,29.32392700115871,29.13,0.43,20251231,29.0
20251217,ATR,123.52935794669926,122.83,-0.34,20251231,121.96
20251217,WMT,116.01816875922606,115.42,0.15,20251231,111.41
20251217,SLVM,51.55889311280774,51.31,0.13,20251231,48.15
20251217,AAPL,275.92484643100903,274.61,0.21,20251231,271.86
20251217,MRVL,84.43821661560928,84.07,0.11,20251231,84.98
20251217,TXG,15.77840446977032,15.71,,20251231,16.31
20251217,CG,58.03036261329185,57.78,0.08,20251231,59.11
20251217,PRU,117.56411128394788,117.08,0.21,20251231,112.88
20251217,FSLR,259.47536471643303,258.51,0.25,20251231,261.23
20251217,SLGN,40.70674116283869,40.58,0.24,20251231,40.37
20251217,ALAB,145.2654832462977,144.94,0.15,20251231,166.36
20251217,MATV,12.845641418390185,12.82,0.04,20251231,12.15
20251217,AHCO,10.362635831177283,10.35,-0.26,20251231,9.96
20251217,BA,206.8441397755591,206.71,0.2,20251231,217.12
20251217,AVGO,341.4713101379343,341.3,0.02,20251231,346.1
20251217,KINS,16.348830097934957,16.36,0.12,20251231,16.83
20251217,DXCM,66.31986325613879,66.37,-0.34,20251231,66.37
20251217,CAL,13.804413263281536,13.82,0.07,20251231,12.17
20251217,ALK,52.347044332629636,52.42,0.0,20251231,50.3
20251217,UPWK,21.408220186981158,21.44,0.3,20251231,19.82
20251217,LW,59.6606087204965,59.8,-0.07,20251231,41.89
20251217,HTO,49.24207703052332,49.36,0.23,20251231,48.99
20251217,UTZ,10.59318629863018,10.63,0.4,20251231,10.38
20251217,DIS,111.18507547499246,111.62,0.21,20251231,113.77
20251217,CSTM,18.436440373962316,18.51,,20251231,18.85
20251217,TX,37.630696417517186,37.83,0.22,20251231,38.19
20251217,ZTS,122.50296987349408,123.23,-0.12,20251231,125.82
20251217,ITGR,73.45103434866114,73.9,-0.4,20251231,78.43
20251217,ASML,1068.2791104109458,1076.05,0.25,20251231,1069.86
20251217,XPO,146.73950778559072,148.15,0.26,20251231,135.91
20251217,ZM,86.72220425072618,87.91,0.03,20251231,86.29
20251217,BRZE,33.47950064284694,33.94,0.45,20251231,34.29
20251217,MDB,414.5488075586102,421.5,,20251231,419.69
20251217,SHOP,160.31808701449182,163.14,0.41,20251231,160.97
20251217,CVNA,447.0534562149807,455.18,0.27,20251231,422.02
20251217,TWLO,135.0238754940398,137.5,0.14,20251231,142.24
20251217,ERIE,281.76282503452325,287.51,0.39,20251231,286.65
20251217,CHMI,2.511502793606451,2.57,,20251231,2.55
20251217,TSLA,453.6387518848908,489.88,0.1,20251231,449.72
20251217,DDL,2.066686719258424,2.28,,20251231,2.49
20251217,AMRK,29.633426453548356,,0.08,20251231,
20251218,PRCT,36.16428247170679,33.78,0.26,20260101,
20251218,UPWK,21.46637974000413,20.19,0.27,20260101,
20251218,ASML,1074.112316074348,1015.43,0.27,20260101,
20251218,CLS,291.4874223425025,275.83,0.29,20260101,
20251218,AVGO,342.9156057046714,326.02,0.01,20260101,
20251218,CHA,14.100726417040999,13.47,,20260101,
20251218,PMTS,16.93796693703274,16.2,-0.03,20260101,
20251218,NX,16.591034348661132,15.87,-0.06,20260101,
20251218,UAL,115.27528070983,110.27,0.19,20260101,
20251218,ALAB,146.50622037745433,140.24,0.07,20260101,
20251218,AENT,7.44539650164283,7.13,0.2,20260101,
20251218,SNDX,21.259557705433245,20.37,0.44,20260101,
20251218,GOOGL,309.6129968175108,296.72,0.25,20260101,
20251218,MATV,12.932880747924635,12.41,0.17,20260101,
20251218,UIS,2.9139246202441234,2.8,0.61,20260101,
20251218,CRNX,49.52163473595657,47.69,0.34,20260101,
20251218,CBZ,54.65592315994985,52.66,0.15,20260101,
20251218,CCJ,87.91102244408819,84.85,-0.26,20260101,
20251218,KNF,76.8948305582451,74.25,0.3,20260101,
20251218,GPCR,62.07594220726655,59.97,0.3,20260101,
20251218,DBRG,13.58686838304154,13.14,,20260101,
20251218,LW,61.416673544864366,59.46,-0.08,20260101,
20251218,ALK,52.86078705099919,51.24,-0.07,20260101,
20251218,MRVL,84.25404469770321,81.7,0.11,20260101,
20251218,CAL,13.978891922350439,13.57,0.06,20260101,
20251218,FSLR,261.4121897668291,254.03,0.24,20260101,
20251218,MU,231.90909406199899,225.52,0.18,20260101,
20251218,SHOP,166.26122295677845,161.73,,20260101,
20251218,CSTM,18.56245273884542,18.06,,20260101,
20251218,GE,300.1054273741687,292.18,0.22,20260101,
20251218,STZ,143.49488643037412,139.72,0.1,20260101,
20251218,AHL,38.01046090538245,37.08,0.0,20260101,
20251218,PFE,25.638893112807732,25.04,0.1,20260101,
20251218,QCOM,176.20527404326916,172.34,0.24,20260101,
20251218,ARDT,9.13520983793908,8.94,-0.24,20260101,
20251218,XPO,148.16441683465342,145.1,0.26,20260101,
20251218,ZTS,124.68395311185537,122.25,-0.12,20260101,
20251218,MDB,419.8800999190489,412.35,,20260101,
20251218,DXCM,66.94023182171712,65.75,-0.41,20260101,
20251218,FLOC,18.21023896446088,17.89,,20260101,
20251218,CVNA,454.0907621307598,446.23,0.28,20260101,
20251218,UHS,228.59300919826669,224.9,0.32,20260101,
20251218,AAPL,276.29446953222964,271.84,0.22,20260101,
20251218,CON,19.822386152600753,19.52,0.18,20260101,
20251218,AMTM,29.110675306741165,28.67,0.37,20260101,
20251218,SLP,18.986990841415217,18.7,0.06,20260101,
20251218,WELL,192.0583941524738,189.16,0.3,20260101,
20251218,QUAD,6.618525737686704,6.52,0.3,20260101,
20251218,DIS,112.28041372359169,110.63,0.22,20260101,
20251218,TNC,77.49850311899812,76.45,0.35,20260101,
20251218,DHR,225.6048864303741,222.63,0.15,20260101,
20251218,PRU,117.06006182441548,115.68,0.19,20260101,
20251218,IMXI,15.541667354486437,15.38,,20260101,
20251218,CVS,78.69459159378422,77.88,0.31,20260101,
20251218,BA,208.01702409485563,206.33,0.18,20260101,
20251218,PEP,151.3034985952604,150.08,0.17,20260101,
20251218,UTZ,10.787051475373408,10.7,0.4,20260101,
20251218,MNKD,6.018279630482056,5.97,0.02,20260101,
20251218,DOX,80.346854097554,79.71,0.07,20260101,
20251218,LNTH,65.65342407263377,65.24,0.1,20260101,
20251218,HAL,27.91228801923779,27.74,0.2,20260101,
20251218,NESR,14.550181901874573,14.47,0.45,20260101,
20251218,FI,68.69568181457439,68.33,-0.02,20260101,
20251218,ASIX,16.435942207266553,16.35,,20260101,
20251218,KRO,4.733802161870446,4.71,-0.31,20260101,
20251218,SPNT,22.043556054665796,21.95,,20260101,
20251218,LKQ,30.275206266567196,30.15,0.07,20260101,
20251218,VERA,48.71502079332074,48.53,0.43,20260101,
20251218,BIIB,172.69946746877034,172.1,0.05,20260101,
20251218,ATR,124.01402088855733,123.63,-0.34,20260101,
20251218,LFST,6.929692068379867,6.91,0.19,20260101,
20251218,XOM,117.67345359597466,117.41,0.13,20260101,
20251218,SBUX,85.35882771702036,85.21,0.1,20260101,
20251218,ITGR,74.2361883144712,74.13,-0.37,20260101,
20251218,CG,58.01097609561753,58.02,0.11,20260101,
20251218,CHMI,2.5793556054665796,2.58,,20260101,
20251218,HLF,14.292948524626592,14.3,0.38,20260101,
20251218,SLVM,51.423187489087475,51.45,0.22,20260101,
20251218,TXG,15.729938175584515,15.75,,20260101,
20251218,IBM,302.68645346899257,303.32,0.21,20260101,
20251218,ZBH,91.29311971238552,91.56,0.14,20260101,
20251218,AHCO,10.440181901874572,10.48,-0.26,20260101,
20251218,SLGN,40.88121982190759,41.04,0.24,20260101,
20251218,CVE,16.89518844938969,16.99,0.33,20260101,
20251218,WMT,115.00540146188156,115.66,0.13,20260101,
20251218,TSLA,464.40956905445944,467.26,0.09,20260101,
20251218,MD,22.411263829145568,22.56,0.45,20260101,
20251218,HTO,49.71704671354423,50.05,0.14,20260101,
20251218,ZM,88.05018071141727,88.75,0.03,20260101,
20251218,SPB,60.667166791003325,61.27,-0.02,20260101,
20251218,CDE,17.01177624164696,17.2,0.45,20260101,
20251218,TWLO,137.5165640227933,139.22,0.29,20260101,
20251218,PG,145.94127093220743,147.81,0.18,20260101,
20251218,BRZE,34.274347867494164,34.72,0.54,20260101,
20251218,PACS,34.21441683465343,34.68,-0.31,20260101,
20251218,SLB,37.84803114236282,38.53,0.28,20260101,
20251218,HBM,18.638403279313025,18.99,0.28,20260101,
20251218,ERIE,282.2184081998698,288.81,0.4,20260101,
20251218,TX,37.3423903985651,38.47,0.21,20260101,
20251218,COP,91.45525975778162,94.96,0.24,20260101,
20251218,DDL,2.2896316725131345,2.82,0.08,20260101,
20251218,AMRK,29.633426453548356,,0.03,20260101,
20251219,CHA,13.887474722623452,12.25,0.9,20260102,12.31
20251219,DDL,2.8130676497198457,2.61,0.05,20260102,2.66
20251219,CRNX,48.629854922937724,45.14,0.02,20260102,46.73
20251219,W,105.4764912858526,98.46,0.11,20260102,106.56
20251219,PRCT,34.34194981032047,32.73,0.37,20260102,30.76
20251219,IMVT,27.33244559610165,26.18,0.15,20260102,25.91
20251219,MD,22.588682917731465,21.64,0.19,20260102,21.29
20251219,UTZ,10.854904287233534,10.4,0.43,20260102,10.29
20251219,PMTS,16.569623101220614,15.89,-0.15,20260102,14.22
20251219,COP,95.51673521055221,92.23,0.23,20260102,96.7
20251219,CVE,17.01346784178029,16.44,0.35,20260102,17.53
20251219,SNDX,20.9202936461326,20.23,0.46,20260102,21.3
20251219,AHCO,10.566194266757671,10.23,-0.26,20260102,9.67
20251219,CAL,13.736560451421406,13.3,0.07,20260102,12.25
20251219,HAL,28.318873430580464,27.46,0.15,20260102,29.6
20251219,LW,61.165329836034346,59.33,-0.1,20260102,42.29
20251219,XPO,145.2079728893192,140.92,0.25,20260102,138.79
20251219,CBZ,53.85138267646545,52.3,0.26,20260102,50.8
20251219,TNC,77.4791166013238,75.25,0.09,20260102,73.96
20251219,CLS,278.8474128188441,270.92,0.26,20260102,302.4
20251219,STZ,140.71292114410883,136.81,0.06,20260102,141.17
20251219,XOM,119.69159572863923,116.54,0.12,20260102,122.65
20251219,LKQ,30.498151219821906,29.7,0.08,20260102,30.03
20251219,UIS,2.8751515848954776,2.8,0.42,20260102,2.6
20251219,VERA,48.93796574657545,47.69,0.41,20260102,48.62
20251219,ENOV,27.996487912890274,27.32,0.25,20260102,26.51
20251219,UHS,230.26370561578386,224.74,0.35,20260102,219.88
20251219,AHL,38.00306844335804,37.1,0.01,20260102,37.18
20251219,SPB,61.704345486579584,60.48,,20260102,60.04
20251219,PG,148.46151822986937,145.52,0.19,20260102,141.79
20251219,WELL,191.14172886144664,187.49,0.3,20260102,186.94
20251219,FI,69.30635712131554,68.0,-0.04,20260102,65.59
20251219,BIIB,173.14301519023508,169.91,0.05,20260102,177.82
20251219,MNKD,6.076439183505023,5.97,0.02,20260102,5.6
20251219,ATR,124.78948159553022,122.62,-0.31,20260102,122.54
20251219,ASIX,16.70735345470707,16.42,,20260102,17.22
20251219,ZBH,91.923181536801,90.4,0.16,20260102,90.02
20251219,SLB,38.73981095538166,38.13,0.28,20260102,40.2
20251219,KNF,74.98525856732434,73.85,0.29,20260102,72.74
20251219,SLP,18.831898700020634,18.56,0.13,20260102,18.11
20251219,LNTH,65.7212768844939,64.84,0.05,20260102,67.27
20251219,QUAD,6.599139220012381,6.52,0.31,20260102,5.81
20251219,FLOC,18.161772670275077,17.95,,20260102,19.02
20251219,SLVM,51.55889311280774,50.97,0.24,20260102,47.78
20251219,CDE,17.31226726559896,17.12,0.33,20260102,17.55
20251219,IMXI,15.541667354486437,15.37,,20260102,15.34
20251219,DBRG,13.266990841415216,13.15,,20260102,15.38
20251219,CON,19.79330637608927,19.62,0.31,20260102,19.41
20251219,HTO,50.38588157330836,49.95,0.14,20260102,49.25
20251219,ZTS,123.73401374581356,122.76,-0.12,20260102,125.92
20251219,IBM,302.8221590927128,300.45,0.17,20260102,291.5
20251219,AAPL,274.24675755146745,272.19,0.22,20260102,271.01
20251219,DOX,80.42440016825128,79.86,0.08,20260102,80.16
20251219,CVS,78.29716798146062,77.79,0.23,20260102,80.13
20251219,DXCM,66.33924977381311,65.91,-0.47,20260102,66.54
20251219,PEP,150.1987088300186,149.37,0.18,20260102,142.23
20251219,PFE,25.163923429786827,25.04,0.09,20260102,25.18
20251219,TX,38.393007968127485,38.23,0.18,20260102,39.13
20251219,HBM,19.045520150473802,18.97,0.17,20260102,20.1
20251219,CHMI,2.5890488643037415,2.58,,20260102,2.52
20251219,SLGN,41.32710972841701,41.19,0.23,20260102,41.25
20251219,WMT,115.18282055046744,114.83,0.11,20260102,112.76
20251219,LFST,6.958771844891351,6.94,0.21,20260102,6.96
20251219,TWLO,139.18380454278503,138.9,0.35,20260102,138.36
20251219,PRU,115.70300558721291,115.55,0.18,20260102,113.87
20251219,SPNT,22.043556054665796,22.04,,20260102,21.07
20251219,AMTM,28.664785400231743,28.69,0.32,20260102,30.48
20251219,NX,16.242077030523326,16.26,-0.13,20260102,15.37
20251219,KRO,4.7725751972190915,4.78,-0.19,20260102,4.48
20251219,ALK,51.71698250821416,51.87,-0.01,20260102,51.52
20251219,BA,207.64868025904354,208.27,0.17,20260102,227.77
20251219,HLF,14.147549642069174,14.21,0.44,20260102,12.82
20251219,PAR,36.662801066649735,36.83,0.2,20260102,35.73
20251219,DIS,111.32078109871271,111.87,0.2,20260102,111.85
20251219,CSTM,18.126256091173154,18.22,0.42,20260102,19.77
20251219,AVGO,328.1043062014889,329.88,-0.03,20260102,347.62
20251219,ZM,88.86441445373883,89.38,,20260102,83.32
20251219,QCOM,172.54122220282218,174.19,0.23,20260102,172.98
20251219,SHOP,165.21888581133632,166.8,0.4,20260102,157.2
20251219,HRTG,29.625885144680243,29.91,,20260102,27.28
20251219,CG,58.2436143077094,58.85,0.1,20260102,60.86
20251219,UPWK,20.254722385358967,20.47,0.06,20260102,19.84
20251219,MATV,12.535457135601023,12.71,0.19,20260102,11.82
20251219,FSLR,258.10036677989234,261.79,0.25,20260102,274.34
20251219,TXG,15.76871121093316,16.0,,20260102,16.62
20251219,GOOGL,297.3801069824289,302.46,0.26,20260102,315.15
20251219,BRZE,35.03042205679275,35.64,,20260102,32.55
20251219,NRDS,14.75478420977445,15.02,0.0,20260102,12.93
20251219,ERIE,283.4785318487008,289.05,0.19,20260102,277.81
20251219,ASML,1015.351781003476,1036.31,0.26,20260102,1163.78
20251219,PACS,34.67969325883716,35.4,-0.43,20260102,39.51
20251219,CCJ,85.7785054999127,87.58,0.02,20260102,98.56
20251219,ALAB,141.95038872398854,145.88,0.08,20260102,179.56
20251219,MRVL,81.95674235329598,84.47,0.15,20260102,89.39
20251219,GPCR,60.38931516960048,62.45,0.32,20260102,68.12
20251219,MDB,411.0107680830463,425.2,,20260102,399.65
20251219,CVNA,445.4152954715005,465.74,0.32,20260102,400.25
20251219,SBUX,85.48484008190346,89.42,0.14,20260102,83.97
20251219,ITGR,74.4591332677259,78.52,-0.37,20260102,76.78
20251219,AENT,7.232144807225282,7.67,0.25,20260102,8.01
20251219,TSLA,447.68781995523875,483.37,0.08,20260102,438.07
20251219,MU,225.13350613482328,248.55,0.24,20260102,315.42
20251219,AMRK,29.633426453548356,,,20260102,
20251223,LW,61.06922782971698,42.8,-0.08,20260106,
20251223,NX,16.62011412517262,15.23,-0.17,20260106,
20251223,TRVG,3.085980738400978,2.83,,20260106,
20251223,CVNA,464.3268434628022,433.59,0.43,20260106,
20251223,PMTS,16.269132077268615,15.23,-0.2,20260106,
20251223,NRDS,15.055275233726448,14.26,,20260106,
20251223,KRO,4.840428009079221,4.6,-0.36,20260106,
20251223,SLVM,51.093616688623996,49.04,0.27,20260106,
20251223,SBUX,89.56570205234839,86.17,0.19,20260106,
20251223,SMP,39.16784685957366,37.79,0.47,20260106,
20251223,MPAA,13.088706449103983,12.65,,20260106,
20251223,HLF,14.060310312534723,13.65,0.4,20260106,
20251223,QUAD,6.599139220012381,6.41,,20260106,
20251223,ENOV,27.957714877541626,27.2,0.33,20260106,
20251223,AHL,38.017853367406865,37.06,0.17,20260106,
20251223,CBZ,53.50242535832764,52.16,0.31,20260106,
20251223,PG,146.24176195615945,142.69,0.18,20260106,
20251223,MATV,12.826254900715861,12.53,0.22,20260106,
20251223,UTZ,10.564106522118697,10.35,,20260106,
20251223,UIS,2.8751515848954776,2.82,0.43,20260106,
20251223,DBRG,13.276684100252378,13.03,0.53,20260106,
20251223,WELL,189.9071877033698,186.43,0.26,20260106,
20251223,WMT,114.56924620244124,112.6,0.09,20260106,
20251223,KNF,74.59752821383788,73.32,0.29,20260106,
20251223,PEP,149.51048745258012,147.05,0.15,20260106,
20251223,HRTG,30.081468310026825,29.61,0.32,20260106,
20251223,UHS,230.1454262233933,226.64,0.3,20260106,
20251223,TNC,76.31592554086443,75.2,,20260106,
20251223,MNKD,6.076439183505023,5.99,0.03,20260106,
20251223,CAL,13.474842462818053,13.3,-0.01,20260106,
20251223,AAPL,274.5054937223219,270.97,0.15,20260106,
20251223,SLGN,41.47250861097443,40.97,0.2,20260106,
20251223,MAX,13.031715607688765,12.88,,20260106,
20251223,DDL,2.6095092141394582,2.58,0.08,20260106,
20251223,ZBH,90.7987635116903,89.8,0.19,20260106,
20251223,CON,19.89023896446088,19.68,0.15,20260106,
20251223,TBLA,4.152554284852622,4.11,0.31,20260106,
20251223,HTO,50.28894898493675,49.8,0.19,20260106,
20251223,IMXI,15.534274892462024,15.39,0.08,20260106,
20251223,ATR,123.81046245297694,122.74,0.3,20260106,
20251223,SPB,60.93857803844383,60.45,0.2,20260106,
20251223,XOM,119.04845153251536,118.15,0.16,20260106,
20251223,PAR,37.68059324455167,37.41,-0.08,20260106,
20251223,PRU,115.5769932223298,114.84,0.18,20260106,
20251223,DOX,80.56979905080871,80.1,0.38,20260106,
20251223,FI,68.9864795796892,68.62,0.06,20260106,
20251223,ZTS,124.22836994650879,123.78,0.24,20260106,
20251223,AHCO,10.323862795828639,10.29,-0.18,20260106,
20251223,DIS,112.52274519452072,112.38,0.25,20260106,
20251223,QCOM,174.334475087697,174.22,0.22,20260106,
20251223,SLB,38.35208060189521,38.33,0.28,20260106,
20251223,XPO,141.15619069538576,141.28,0.11,20260106,
20251223,PFE,25.163923429786827,25.21,0.06,20260106,
20251223,MRVL,84.64177505118965,84.8,0.4,20260106,
20251223,CVS,78.20992865192616,78.36,0.24,20260106,
20251223,HAL,28.111884493896923,28.19,0.11,20260106,
20251223,FLOC,18.21993222329804,18.28,,20260106,
20251223,UAL,115.54880180473326,116.02,0.18,20260106,
20251223,SHOP,168.9668640577134,169.67,0.04,20260106,
20251223,MD,21.908576411485534,22.0,0.02,20260106,
20251223,ASIX,16.775206266567196,16.85,0.22,20260106,
20251223,COP,92.87047554800718,93.31,0.22,20260106,
20251223,BRZE,35.922201869811595,36.1,,20260106,
20251223,LKQ,30.06195457214965,30.225,0.07,20260106,
20251223,ZM,89.47508976047999,89.99,,20260106,
20251223,ITGR,78.71447389723973,79.23,-0.41,20260106,
20251223,CVE,16.606882430437615,16.72,0.44,20260106,
20251223,GPCR,62.79324336121649,63.25,0.23,20260106,
20251223,TX,38.160369756035614,38.46,0.01,20260106,
20251223,ERIE,283.7111700607927,286.15,,20260106,
20251223,LFST,6.987851621402836,7.05,-0.08,20260106,
20251223,IBM,300.0401938064475,302.79,0.17,20260106,
20251223,AENT,7.755580784431993,7.85,0.18,20260106,
20251223,DXCM,66.4943419152077,67.43,-0.41,20260106,
20251223,BILL,55.127848050030956,56.13,0.07,20260106,
20251223,BIIB,171.52406600688877,174.7,0.19,20260106,
20251223,ALK,52.327657814955316,53.48,0.03,20260106,
20251223,TWLO,138.87362025999587,141.95,0.37,20260106,
20251223,SPNT,22.130795384200248,22.63,,20260106,
20251223,GOOGL,302.94403755495944,309.78,0.25,20260106,
20251223,ASML,1030.200538523198,1056.98,0.33,20260106,
20251223,MNMD,12.941830923318676,13.3,0.28,20260106,
20251223,STZ,137.89218282249487,141.74,0.07,20260106,
20251223,PRCT,33.32415763241853,34.26,0.25,20260106,
20251223,AVGO,331.84590411263315,341.45,0.09,20260106,
20251223,SNDX,20.784588022412343,21.48,0.33,20260106,
20251223,SLP,18.696193076300375,19.34,0.24,20260106,
20251223,BA,209.52917247345283,216.84,0.21,20260106,
20251223,HBM,19.02613363279948,19.72,0.14,20260106,
20251223,IMVT,26.556984889128746,27.54,-0.05,20260106,
20251223,CSTM,18.281348232567737,18.96,0.29,20260106,
20251223,CCJ,88.42476516245773,91.71,0.3,20260106,
20251223,UPWK,20.52613363279948,21.29,0.11,20260106,
20251223,MDB,423.4666056887986,439.68,,20260106,
20251223,GE,302.97463198996843,314.73,0.24,20260106,
20251223,LNTH,65.33354653100746,68.01,-0.15,20260106,
20251223,AMTM,28.684171917906067,29.87,0.32,20260106,
20251223,PACS,35.377607895112774,36.88,-0.14,20260106,
20251223,CG,59.048154791193795,61.68,0.09,20260106,
20251223,CHMI,2.5890488643037415,2.72,,20260106,
20251223,TXG,16.011042681862193,16.94,,20260106,
20251223,TSLA,459.597076276567,488.73,0.1,20260106,
20251223,FSLR,263.8369173108363,284.59,0.28,20260106,
20251223,CDE,17.23472119490167,18.89,0.33,20260106,
20251223,VERA,48.1237320042539,53.78,0.41,20260106,
20251223,MU,247.45708123680578,276.59,0.29,20260106,
20251223,CLS,274.08802272979796,306.86,0.27,20260106,
20251223,ALAB,147.4173867081475,172.62,0.1,20260106,
20251223,AMRK,29.633426453548356,,,20260106,
20251224,PRCT,34.80722623450421,32.72,0.26,20260107,
20251224,FSLR,284.13142196155616,269.39,0.27,20260107,
20251224,ALK,53.888272487738284,51.18,-0.02,20260107,
20251224,CAL,13.474842462818053,12.87,-0.1,20260107,
20251224,W,106.34140934270884,101.6,,20260107,
20251224,IMVT,27.87526809098268,26.76,-0.01,20260107,
20251224,UIS,2.8945381025698005,2.78,0.38,20260107,
20251224,LW,43.511639497785744,41.8,-0.11,20260107,
20251224,UAL,117.89221226647196,113.53,0.15,20260107,
20251224,ZM,90.06637854954683,87.16,,20260107,
20251224,MD,22.174705044364377,21.47,-0.05,20260107,
20251224,NX,15.621708464945002,15.13,-0.29,20260107,
20251224,MATV,12.651776241646957,12.27,0.24,20260107,
20251224,PAR,38.24280225710702,37.09,0.06,20260107,
20251224,SBUX,86.41539293027095,83.86,0.18,20260107,
20251224,LNTH,68.40630958238759,66.53,-0.18,20260107,
20251224,MNKD,6.095825701179347,5.93,,20260107,
20251224,FI,69.58746162759321,67.72,0.04,20260107,
20251224,AXON,607.045051507119,591.02,0.13,20260107,
20251224,UTZ,10.51564022793289,10.24,,20260107,
20251224,AHCO,10.382022348851605,10.11,-0.25,20260107,
20251224,ALAB,173.33716083871684,168.83,0.13,20260107,
20251224,CRNX,50.13231004269774,48.87,-0.01,20260107,
20251224,TXG,16.922209012555356,16.5,,20260107,
20251224,AHL,37.98828351930922,37.05,0.17,20260107,
20251224,PEP,147.2616514023587,143.68,0.14,20260107,
20251224,STZ,142.6709594292154,139.23,0.1,20260107,
20251224,UPWK,21.320980857446706,20.82,0.11,20260107,
20251224,KRO,4.665949350010317,4.56,-0.36,20260107,
20251224,MAX,12.9735560546658,12.68,,20260107,
20251224,ASIX,17.192016396565133,16.81,0.28,20260107,
20251224,XPO,143.19393287408138,140.09,0.05,20260107,
20251224,CBZ,53.366719734607386,52.23,0.29,20260107,
20251224,ITGR,79.4026952746782,77.77,-0.42,20260107,
20251224,SPB,60.909498261932356,59.68,0.31,20260107,
20251224,BILL,56.29103911049031,55.17,0.11,20260107,
20251224,LKQ,30.57085066110062,29.99,0.28,20260107,
20251224,UHS,231.54999400803163,227.27,0.3,20260107,
20251224,WMT,112.92072717099728,110.9,0.09,20260107,
20251224,PFE,25.328708830018574,24.88,0.05,20260107,
20251224,CLS,308.92559499055574,303.46,0.32,20260107,
20251224,FLOC,18.539809764924367,18.22,,20260107,
20251224,DHR,234.83914195806415,230.83,0.18,20260107,
20251224,DXCM,67.96771725845622,66.86,-0.41,20260107,
20251224,QUAD,6.492513372803606,6.4,,20260107,
20251224,CG,61.791347042110445,60.92,0.07,20260107,
20251224,ATR,123.92678155902286,122.19,0.3,20260107,
20251224,HTO,50.14355010237932,49.45,0.24,20260107,
20251224,SNDX,21.996245377057505,21.7,0.17,20260107,
20251224,ZTS,125.21708234789924,123.54,0.21,20260107,
20251224,COP,93.9173475024206,92.73,0.21,20260107,
20251224,TNC,76.26745924667863,75.32,,20260107,
20251224,AMTM,29.8279764606911,29.46,0.45,20260107,
20251224,TBLA,4.211693981047921,4.16,0.34,20260107,
20251224,BRZE,36.36809177632101,35.93,,20260107,
20251224,WELL,189.12358672878207,186.86,0.23,20260107,
20251224,SPNT,22.702697655592768,22.47,,20260107,
20251224,AENT,7.930059443500896,7.85,0.17,20260107,
20251224,DVN,36.702079411437914,36.34,0.23,20260107,
20251224,SHOP,171.08850065871968,169.53,0.04,20260107,
20251224,SLB,38.545945778638426,38.2,0.32,20260107,
20251224,IMXI,15.54905981651085,15.41,0.07,20260107,
20251224,FINV,5.368523356772116,5.33,0.29,20260107,
20251224,PMTS,15.62937699401597,15.52,-0.2,20260107,
20251224,XOM,120.23863791844575,119.42,0.19,20260107,
20251224,SLP,19.45226726559896,19.33,0.22,20260107,
20251224,DOX,80.80243726290058,80.3,0.41,20260107,
20251224,PRU,114.88877184489135,114.18,0.18,20260107,
20251224,TWLO,141.83006420533005,140.97,0.37,20260107,
20251224,LFST,7.094477468611609,7.06,-0.09,20260107,
20251224,AAPL,273.60361335534355,272.36,0.12,20260107,
20251224,BA,217.83629529690006,216.85,0.21,20260107,
20251224,HAL,28.24429318582245,28.17,0.26,20260107,
20251224,VERA,54.02692663608514,53.91,,20260107,
20251224,CVE,16.813871367121155,16.78,0.44,20260107,
20251224,BIIB,175.0650553165823,174.82,0.19,20260107,
20251224,MDB,437.50244448500814,437.13,,20260107,
20251224,GE,315.6146415136268,315.53,0.25,20260107,
20251224,DIS,113.01710139521595,113.22,0.26,20260107,
20251224,QCOM,174.3635548642085,174.75,0.23,20260107,
20251224,TX,38.383314709290325,38.47,0.14,20260107,
20251224,CDE,18.95042800907922,19.09,0.36,20260107,
20251224,NESR,14.966992031872511,15.08,0.36,20260107,
20251224,CSTM,18.998649386517677,19.17,0.22,20260107,
20251224,HBM,19.753128045586575,19.94,-0.04,20260107,
20251224,CVNA,433.1630163013285,437.35,0.43,20260107,
20251224,DBRG,13.16036499420644,13.29,0.54,20260107,
20251224,PACS,36.812210203012654,37.24,-0.09,20260107,
20251224,HRTG,29.790670544911983,30.17,0.32,20260107,
20251224,GOOGL,310.0395030237615,314.35,0.24,20260107,
20251224,BMRN,60.23764591038237,61.14,0.36,20260107,
20251224,ASML,1045.4807575276582,1061.84,0.34,20260107,
20251224,HLF,13.517487817653688,13.73,0.38,20260107,
20251224,CHMI,2.7247544880239998,2.77,,20260107,
20251224,IBM,298.69616537832735,303.78,0.2,20260107,
20251224,AVGO,343.0610045872288,349.32,0.1,20260107,
20251224,MNMD,13.678518594942938,14.02,0.28,20260107,
20251224,MRVL,84.96165259281598,87.68,0.39,20260107,
20251224,TSLA,463.55943592165204,485.56,0.09,20260107,
20251224,DDL,2.580429437627974,2.72,0.08,20260107,
20251224,MU,259.98780570943313,276.27,0.29,20260107,
20251224,GPCR,63.5687040681894,71.29,0.28,20260107,
20251224,ERIE,241.52198754781668,283.78,-0.33,20260107,
20251224,AMRK,29.633426453548356,,,20260107,
20251225,MNMD,14.376433231218552,13.43,0.35,20260108,
20251225,PMTS,15.910481500293645,15.19,-0.2,20260108,
20251225,CRTO,20.866369025888478,20.06,0.09,20260108,
20251225,BMRN,62.040592054094375,60.16,0.37,20260108,
20251225,BILL,56.789281082839956,55.23,0.08,20260108,
20251225,SNDX,22.209497071475056,21.6,0.17,20260108,
20251225,FLOC,18.481650211901396,18.02,,20260108,
20251225,AHL,37.9808910572848,37.05,0.24,20260108,
20251225,GPCR,71.36208417326709,69.69,0.22,20260108,
20251225,CDE,19.14429318582245,18.72,0.33,20260108,
20251225,CRNX,49.773659465722766,48.71,0.04,20260108,
20251225,UHS,232.0157191155696,227.08,0.31,20260108,
20251225,PAR,37.93261797431788,37.22,0.06,20260108,
20251225,HRTG,30.33349303979302,29.78,0.32,20260108,
20251225,PEP,146.35794150092858,143.74,0.15,20260108,
20251225,MNKD,6.037666148156378,5.93,0.02,20260108,
20251225,CBZ,53.43457254646751,52.51,0.36,20260108,
20251225,COP,93.35513848986525,91.8,0.18,20260108,
20251225,UIS,2.8557650672211548,2.81,0.45,20260108,
20251225,CSTM,19.202207822098064,18.9,0.22,20260108,
20251225,MRVL,87.75331113791844,86.49,0.39,20260108,
20251225,NX,15.52477587657339,15.31,-0.31,20260108,
20251225,SLP,19.442574006761795,19.18,0.27,20260108,
20251225,FINV,5.504228980492373,5.43,0.29,20260108,
20251225,TNC,76.38377835272456,75.37,,20260108,
20251225,PRCT,33.31446437358137,32.88,0.26,20260108,
20251225,AXON,598.156333153442,591.15,0.1,20260108,
20251225,SLB,38.419933413755345,37.97,0.33,20260108,
20251225,IMXI,15.563844740559674,15.385,0.07,20260108,
20251225,FI,68.7150683322487,67.95,-0.02,20260108,
20251225,UAL,116.0514892223933,114.81,0.16,20260108,
20251225,BRZE,36.20330637608927,35.83,,20260108,
20251225,WELL,189.4414625958318,187.7,0.23,20260108,
20251225,SHOP,170.98500619037793,169.45,0.23,20260108,
20251225,IMVT,27.119193901684103,26.88,-0.02,20260108,
20251225,UTZ,10.409014380724116,10.32,-0.24,20260108,
20251225,XPO,142.3142298931763,141.14,-0.01,20260108,
20251225,QUAD,6.482820113966445,6.43,,20260108,
20251225,HTO,49.80428604307868,49.4,0.29,20260108,
20251225,KRO,4.627176314661671,4.59,-0.7,20260108,
20251225,CVE,16.858226139267632,16.73,0.44,20260108,
20251225,HAL,28.224906668148126,28.03,0.26,20260108,
20251225,TX,38.393007968127485,38.16,0.14,20260108,
20251225,ALK,51.65882295519119,51.38,-0.05,20260108,
20251225,SPB,60.16311733147093,59.84,0.32,20260108,
20251225,HBM,19.96637974000413,19.86,0.01,20260108,
20251225,CHMI,2.773220782209806,2.76,,20260108,
20251225,LNTH,66.97170727448771,66.68,-0.24,20260108,
20251225,TWLO,140.88012483928827,140.31,,20260108,
20251225,GOOGL,315.3643322725036,314.09,0.23,20260108,
20251225,SLGN,40.9781524102792,40.83,0.15,20260108,
20251225,XOM,119.62674354375328,119.22,0.2,20260108,
20251225,AAPL,274.6311655767369,273.81,0.11,20260108,
20251225,LKQ,30.343059078427324,30.26,0.28,20260108,
20251225,ASIX,17.15324336121649,17.11,0.28,20260108,
20251225,SLVM,49.05803233282011,48.96,0.29,20260108,
20251225,LFST,7.10417072744877,7.09,-0.12,20260108,
20251225,LW,42.54231361406961,42.48,-0.12,20260108,
20251225,AVGO,350.6895992920747,350.22,0.1,20260108,
20251225,CG,61.054659370486185,60.99,0.0,20260108,
20251225,QCOM,174.87729758257805,174.77,0.23,20260108,
20251225,WMT,111.6640086268472,111.61,0.09,20260108,
20251225,DHR,231.54685409755402,231.47,0.17,20260108,
20251225,MD,21.782904557070523,21.78,-0.04,20260108,
20251225,AENT,7.930059443500896,7.935,0.17,20260108,
20251225,MDB,435.03066348153203,435.51,,20260108,
20251225,GE,316.39010222059966,316.75,0.23,20260108,
20251225,DDL,2.7161350613482327,2.72,,20260108,
20251225,BA,217.84598855573722,218.16,0.2,20260108,
20251225,STZ,140.23795146108793,140.49,0.14,20260108,
20251225,ALAB,169.6634157394327,169.97,0.19,20260108,
20251225,PRU,114.2490167616387,114.55,0.15,20260108,
20251225,PACS,37.16116752115046,37.31,-0.17,20260108,
20251225,ZTS,124.98444413580738,125.49,0.2,20260108,
20251225,DOX,80.99630243964381,81.35,0.26,20260108,
20251225,SBUX,84.17625013888669,84.57,0.16,20260108,
20251225,SPNT,22.547605514198185,22.66,,20260108,
20251225,UPWK,20.865397692100125,20.97,-0.08,20260108,
20251225,ZM,87.32318629863018,87.79,,20260108,
20251225,DIS,113.8313351375375,114.48,0.26,20260108,
20251225,BIIB,175.1537648608752,176.33,0.21,20260108,
20251225,CAL,13.058032332820114,13.15,-0.09,20260108,
20251225,ITGR,77.98747948445263,78.71,-0.4,20260108,
20251225,CLS,305.62988698592085,308.59,0.36,20260108,
20251225,FSLR,269.3976685290709,272.21,0.28,20260108,
20251225,CVNA,436.80768162410124,441.57,0.43,20260108,
20251225,TXG,16.46349446834177,16.69,,20260108,
20251225,DBRG,13.412389723972634,13.62,0.54,20260108,
20251225,ASML,1049.0734940715226,1065.52,0.34,20260108,
20251225,AMTM,29.430552848367487,29.91,0.18,20260108,
20251225,TBLA,4.248656291169981,4.32,0.39,20260108,
20251225,IBM,299.42801911874415,304.56,0.21,20260108,
20251225,VERA,54.15293900096824,55.67,,20260108,
20251225,HLF,13.59503388835098,14.18,0.35,20260108,
20251225,TSLA,461.21602545991334,485.4,0.08,20260108,
20251225,MU,259.751246924652,286.68,0.3,20260108,
20251225,ERIE,239.76997404803097,284.0,-0.19,20260108,
20251225,AMRK,29.633426453548356,,,20260108,
20251226,SBUX,87.07323645656417,84.57,0.14,20260109,
20251226,BILL,56.833635854986426,55.23,0.13,20260109,
20251226,MNMD,13.804530959826035,13.43,0.25,20260109,
20251226,UIS,2.8848448437326395,2.81,0.48,20260109,
20251226,PMTS,15.590603958667323,15.19,,20260109,
20251226,DHR,237.3969338185108,231.47,0.15,20260109,
20251226,NX,15.699254535642293,15.31,-0.52,20260109,
20251226,AHL,37.9808910572848,37.05,0.27,20260109,
20251226,SNDX,22.112564483103444,21.6,0.18,20260109,
20251226,CBZ,53.70598379390803,52.51,0.23,20260109,
20251226,PAR,38.05863033920096,37.22,0.24,20260109,
20251226,UHS,231.87526233710577,227.08,0.29,20260109,
20251226,ASIX,17.444041126331328,17.11,0.25,20260109,
20251226,UAL,116.99772436151808,114.81,0.15,20260109,
20251226,CRNX,49.61856732432818,48.71,0.33,20260109,
20251226,PEP,146.40229627307502,143.74,0.11,20260109,
20251226,PRCT,33.46955651497595,32.88,0.4,20260109,
20251226,LW,43.201455214996585,42.48,-0.12,20260109,
20251226,UPWK,21.316802550753163,20.97,-0.07,20260109,
20251226,UTZ,10.486560451421406,10.32,-0.24,20260109,
20251226,BMRN,61.090652688052565,60.16,0.38,20260109,
20251226,XOM,121.02963135505784,119.22,0.21,20260109,
20251226,FLOC,18.287785035158173,18.02,,20260109,
20251226,FI,68.93801328550342,67.95,0.0,20260109,
20251226,ZM,89.01293531055063,87.79,,20260109,
20251226,XPO,143.09043840573958,141.14,-0.05,20260109,
20251226,CAL,13.32944358026063,13.15,-0.1,20260109,
20251226,IMVT,27.235513007730034,26.88,-0.02,20260109,
20251226,QUAD,6.511899890477928,6.43,-0.31,20260109,
20251226,WELL,190.06242940588243,187.7,0.26,20260109,
20251226,AXON,598.2823455183251,591.15,0.06,20260109,
20251226,LKQ,30.604777067030682,30.26,0.29,20260109,
20251226,MD,22.012070879827306,21.78,0.23,20260109,
20251226,IMXI,15.545363585498643,15.385,0.08,20260109,
20251226,AENT,8.012452143616768,7.935,0.17,20260109,
20251226,ALK,51.85268813193442,51.38,-0.12,20260109,
20251226,AHCO,10.333556054665799,10.24,-0.42,20260109,
20251226,GDYN,9.353740337454962,9.27,0.27,20260109,
20251226,SHOP,170.92586649418263,169.45,0.21,20260109,
20251226,DBRG,13.732267265598958,13.62,0.49,20260109,
20251226,DOX,82.01409461754575,81.35,0.24,20260109,
20251226,SPB,60.31820947286551,59.84,0.3,20260109,
20251226,DXCM,67.95802399961906,67.42,-0.45,20260109,
20251226,BRZE,36.10637378771765,35.83,,20260109,
20251226,HTO,49.755819748892876,49.4,0.31,20260109,
20251226,COP,92.45366541800924,91.8,0.18,20260109,
20251226,AAPL,275.7030725702767,273.81,0.12,20260109,
20251226,STZ,141.45930207457025,140.49,0.19,20260109,
20251226,LNTH,67.11710615704513,66.68,-0.42,20260109,
20251226,CLS,310.6025287693846,308.59,0.36,20260109,
20251226,SLP,19.297175124204376,19.18,0.15,20260109,
20251226,LFST,7.133250503960254,7.09,-0.12,20260109,
20251226,SLB,38.19698846050063,37.97,0.33,20260109,
20251226,CVE,16.82126382914557,16.73,-0.64,20260109,
20251226,WMT,112.18887343058046,111.61,0.09,20260109,
20251226,DIS,115.05268575101984,114.48,0.26,20260109,
20251226,CVS,79.49913207726861,79.12,0.39,20260109,
20251226,ALAB,170.7684472468691,169.97,0.18,20260109,
20251226,BA,219.11580546340537,218.16,0.21,20260109,
20251226,CDE,18.78564260884748,18.72,0.36,20260109,
20251226,GOOGL,315.1721282598689,314.09,0.22,20260109,
20251226,VERA,55.85895255630863,55.67,0.14,20260109,
20251226,SPNT,22.731777432104252,22.66,,20260109,
20251226,GE,317.5726797987333,316.75,0.26,20260109,
20251226,ITGR,78.89864581514578,78.71,-0.3,20260109,
20251226,CG,61.12251218234631,60.99,-0.12,20260109,
20251226,CSTM,18.940489833494706,18.9,0.28,20260109,
20251226,HAL,28.089201044427867,28.03,0.27,20260109,
20251226,GPCR,69.81116275932128,69.69,0.22,20260109,
20251226,HBM,19.888833669306837,19.86,-0.04,20260109,
20251226,CHMI,2.7635275233726446,2.76,,20260109,
20251226,TBLA,4.325521340931096,4.32,0.36,20260109,
20251226,MRVL,86.59981333629624,86.49,0.42,20260109,
20251226,QCOM,174.8966841002524,174.77,0.17,20260109,
20251226,PRU,114.60766733861367,114.55,0.12,20260109,
20251226,FSLR,272.1311675211504,272.21,0.26,20260109,
20251226,BIIB,176.2700266265615,176.33,0.21,20260109,
20251226,DDL,2.7161350613482327,2.72,,20260109,
20251226,ASML,1063.905314518817,1065.52,0.39,20260109,
20251226,CVNA,440.8982368533833,441.57,,20260109,
20251226,TX,38.092516944175486,38.16,0.25,20260109,
20251226,TWLO,139.71808887954157,140.31,,20260109,
20251226,MDB,433.46035554991187,435.51,,20260109,
20251226,TXG,16.603951246805607,16.69,,20260109,
20251226,HLF,14.031230536023237,14.18,0.47,20260109,
20251226,AMTM,29.542337145442136,29.91,0.17,20260109,
20251226,IBM,300.0046311566483,304.56,0.2,20260109,
20251226,PACS,36.62160997444485,37.31,-0.14,20260109,
20251226,TSLA,461.09774606752273,485.4,0.07,20260109,
20251226,MU,267.4467998920652,286.68,0.3,20260109,
20251226,ERIE,239.93260821256806,284.0,-0.21,20260109,
20251226,AMRK,29.633426453548356,,,20260109,
20251230,HLF,14.031230536023237,12.76,-0.32,20260113,
20251230,VERA,55.85895255630863,52.25,,20260113,
20251230,IMVT,27.235513007730034,25.61,0.31,20260113,
20251230,SLP,19.297175124204376,18.27,,20260113,
20251230,UPWK,21.316802550753163,20.3,0.02,20260113,
20251230,UAL,116.99772436151808,111.45,0.03,20260113,
20251230,SNDX,22.112564483103444,21.07,0.23,20260113,
20251230,PMTS,15.590603958667323,14.9,,20260113,
20251230,CRNX,49.61856732432818,47.52,0.14,20260113,
20251230,PRCT,33.46955651497595,32.15,0.41,20260113,
20251230,GPCR,69.81116275932128,67.38,0.18,20260113,
20251230,LW,43.201455214996585,41.84,-0.23,20260113,
20251230,ZM,89.01293531055063,86.33,,20260113,
20251230,ALK,51.85268813193442,50.29,-0.05,20260113,
20251230,AXON,598.2823455183251,580.55,0.09,20260113,
20251230,DHR,237.3969338185108,230.63,0.17,20260113,
20251230,XPO,143.09043840573958,139.02,0.08,20260113,
20251230,BILL,56.833635854986426,55.22,0.04,20260113,
20251230,TXG,16.603951246805607,16.15,,20260113,
20251230,CDE,18.78564260884748,18.31,0.2,20260113,
20251230,MNMD,13.804530959826035,13.46,0.35,20260113,
20251230,UHS,231.87526233710577,226.11,0.2,20260113,
20251230,AHL,37.9808910572848,37.04,,20260113,
20251230,HBM,19.888833669306837,19.41,0.14,20260113,
20251230,FI,68.93801328550342,67.28,0.0,20260113,
20251230,SPNT,22.731777432104252,22.19,,20260113,
20251230,MDB,433.46035554991187,423.14,,20260113,
20251230,CLS,310.6025287693846,303.22,0.46,20260113,
20251230,BRZE,36.10637378771765,35.25,,20260113,
20251230,PAR,38.05863033920096,37.19,-0.07,20260113,
20251230,STZ,141.45930207457025,138.51,0.13,20260113,
20251230,QUAD,6.511899890477928,6.38,-0.19,20260113,
20251230,GDYN,9.353740337454962,9.17,0.35,20260113,
20251230,CAL,13.32944358026063,13.07,,20260113,
20251230,CHMI,2.7635275233726446,2.71,,20260113,
20251230,GE,317.5726797987333,311.58,0.28,20260113,
20251230,SHOP,170.92586649418263,167.88,0.42,20260113,
20251230,HTO,49.755819748892876,48.89,0.26,20260113,
20251230,SBUX,87.07323645656417,85.57,0.06,20260113,
20251230,BMRN,61.090652688052565,60.04,0.32,20260113,
20251230,CVNA,440.8982368533833,433.55,,20260113,
20251230,AHCO,10.333556054665799,10.17,-0.27,20260113,
20251230,UIS,2.8848448437326395,2.84,-0.04,20260113,
20251230,ASIX,17.444041126331328,17.18,,20260113,
20251230,PEP,146.40229627307502,144.24,0.12,20260113,
20251230,CBZ,53.70598379390803,52.92,0.17,20260113,
20251230,FSLR,272.1311675211504,268.25,0.28,20260113,
20251230,NX,15.699254535642293,15.49,,20260113,
20251230,DDL,2.7161350613482327,2.68,0.36,20260113,
20251230,CG,61.12251218234631,60.33,0.04,20260113,
20251230,IMXI,15.545363585498643,15.36,0.01,20260113,
20251230,AMTM,29.542337145442136,29.2,-0.44,20260113,
20251230,PRU,114.60766733861367,113.33,0.13,20260113,
20251230,MRVL,86.59981333629624,85.76,0.35,20260113,
20251230,DOX,82.01409461754575,81.23,0.2,20260113,
20251230,BA,219.11580546340537,217.25,0.16,20260113,
20251230,QCOM,174.8966841002524,173.43,0.19,20260113,
20251230,SLB,38.19698846050063,37.9,0.33,20260113,
20251230,DIS,115.05268575101984,114.19,0.22,20260113,
20251230,DXCM,67.95802399961906,67.47,-0.49,20260113,
20251230,AAPL,275.7030725702767,273.76,0.22,20260113,
20251230,MD,22.012070879827306,21.89,0.1,20260113,
20251230,UTZ,10.486560451421406,10.43,-0.24,20260113,
20251230,GOOGL,315.1721282598689,313.56,0.23,20260113,
20251230,ITGR,78.89864581514578,78.53,-0.15,20260113,
20251230,XOM,121.02963135505784,120.53,0.22,20260113,
20251230,ALAB,170.7684472468691,170.105,0.24,20260113,
20251230,TSLA,461.09774606752273,459.64,-0.01,20260113,
20251230,WELL,190.06242940588243,189.64,0.29,20260113,
20251230,LFST,7.133250503960254,7.12,-0.16,20260113,
20251230,LKQ,30.604777067030682,30.55,0.21,20260113,
20251230,CSTM,18.940489833494706,18.91,0.33,20260113,
20251230,FLOC,18.287785035158173,18.27,,20260113,
20251230,SPB,60.31820947286551,60.31,0.29,20260113,
20251230,COP,92.45366541800924,92.63,0.2,20260113,
20251230,ASML,1063.905314518817,1065.995,0.35,20260113,
20251230,HAL,28.089201044427867,28.15,0.25,20260113,
20251230,TX,38.092516944175486,38.19,-0.32,20260113,
20251230,WMT,112.18887343058046,112.53,0.11,20260113,
20251230,BIIB,176.2700266265615,176.83,0.2,20260113,
20251230,LNTH,67.11710615704513,67.34,-0.26,20260113,
20251230,CVE,16.82126382914557,16.9,0.07,20260113,
20251230,CVS,79.49913207726861,80.02,0.17,20260113,
20251230,TWLO,139.71808887954157,141.52,,20260113,
20251230,IBM,300.0046311566483,305.74,0.23,20260113,
20251230,AENT,8.012452143616768,8.43,,20260113,
20251230,TBLA,4.325521340931096,4.56,0.44,20260113,
20251230,PACS,36.62160997444485,39.02,-0.3,20260113,
20251230,MU,267.4467998920652,294.37,0.33,20260113,
20251230,DBRG,13.732267265598958,15.26,0.15,20260113,
20251230,ERIE,239.93260821256806,287.43,-0.18,20260113,
20251230,AMRK,29.633426453548356,,,20260113,
20251231,DDL,2.6773620259995874,2.49,0.36,20260114,
20251231,UPWK,20.821507595117538,19.55,-0.09,20260114,
20251231,AENT,8.492268456056253,8.03,,20260114,
20251231,CBZ,54.10340740623165,51.29,0.3,20260114,
20251231,PMTS,15.309499452389645,14.69,,20260114,
20251231,PAR,38.02955056268948,36.51,-0.07,20260114,
20251231,PRCT,32.761948619863176,31.53,0.41,20260114,
20251231,SHOP,169.76524995634992,163.74,,20260114,
20251231,BMRN,60.974333582006636,58.99,0.26,20260114,
20251231,BILL,56.82624339296202,55.14,0.04,20260114,
20251231,SBUX,87.81248265900541,85.25,0.03,20260114,
20251231,XPO,141.52323645656418,137.69,0.15,20260114,
20251231,UHS,231.1581935207378,225.06,0.15,20260114,
20251231,VERA,52.54385803399946,51.17,,20260114,
20251231,UAL,114.51385712131554,111.52,0.02,20260114,
20251231,DHR,236.77596700846019,230.67,0.17,20260114,
20251231,QUAD,6.4634335962921226,6.3,-0.19,20260114,
20251231,AHL,37.97349859526039,37.04,,20260114,
20251231,CCJ,93.5234193108046,91.37,0.19,20260114,
20251231,SPB,60.77379263821209,59.45,0.29,20260114,
20251231,BRZE,35.5441647751623,34.77,,20260114,
20251231,NX,15.873733194711194,15.53,-0.01,20260114,
20251231,CLS,305.397248773829,299.4,0.36,20260114,
20251231,RCI,38.58473579784448,37.84,0.02,20260114,
20251231,ZM,87.93363585498642,86.3,,20260114,
20251231,WELL,191.49656703861842,188.0,0.32,20260114,
20251231,CAL,13.251897509563342,13.01,0.02,20260114,
20251231,PEP,146.77191937429563,144.16,0.13,20260114,
20251231,FSLR,268.6124477786066,264.3,0.36,20260114,
20251231,LW,42.58108664941827,41.95,-0.23,20260114,
20251231,UTZ,10.59318629863018,10.44,,20260114,
20251231,AHCO,10.265703242805671,10.12,-0.2,20260114,
20251231,ALK,50.79612291868383,50.13,0.01,20260114,
20251231,MD,22.093387962095843,21.82,0.11,20260114,
20251231,IMXI,15.526882430437611,15.35,0.02,20260114,
20251231,KINS,17.240609910953797,17.05,0.25,20260114,
20251231,FI,68.28856494341359,67.54,-0.12,20260114,
20251231,SLP,18.4150885700227,18.22,,20260114,
20251231,SPNT,22.27619426675767,22.06,,20260114,
20251231,AAPL,275.6661102601546,273.08,0.21,20260114,
20251231,CHMI,2.7150612291868383,2.69,,20260114,
20251231,LNTH,67.75686124029777,67.16,-0.25,20260114,
20251231,CRTO,20.769436437516863,20.59,,20260114,
20251231,GDYN,9.256807749083348,9.18,0.41,20260114,
20251231,XOM,121.99804388025586,120.99,0.23,20260114,
20251231,DOX,81.89777551149982,81.27,0.12,20260114,
20251231,QCOM,174.85632327264648,173.65,0.2,20260114,
20251231,CG,60.48275709909366,60.13,0.13,20260114,
20251231,WMT,112.56987635116904,111.92,0.1,20260114,
20251231,ITGR,78.72416715607689,78.34,-0.23,20260114,
20251231,LFST,7.162330280471738,7.13,,20260114,
20251231,TBLA,4.558159553022968,4.54,,20260114,
20251231,PRU,114.13833677243218,113.69,0.14,20260114,
20251231,GOOGL,314.78032777257505,313.85,0.24,20260114,
20251231,DBRG,15.321961714893414,15.28,0.04,20260114,
20251231,GE,312.56126497992096,311.79,0.19,20260114,
20251231,LKQ,30.88588157330836,30.81,0.24,20260114,
20251231,MRVL,86.88384886747829,86.76,0.34,20260114,
20251231,BIIB,176.6396497277821,176.4,0.14,20260114,
20251231,CVNA,429.9307372898843,429.55,,20260114,
20251231,MDB,421.46979436834334,421.23,,20260114,
20251231,ALAB,170.89930624117076,170.84,0.28,20260114,
20251231,HTO,49.261463548197646,49.26,0.31,20260114,
20251231,DIS,114.77158124474215,114.79,0.15,20260114,
20251231,CSTM,18.95018309233187,18.97,0.33,20260114,
20251231,BA,218.23371890922365,218.5,0.14,20260114,
20251231,ASIX,17.511893938191456,17.56,,20260114,
20251231,GPCR,67.57201996793701,67.78,0.18,20260114,
20251231,IBM,300.87694167552894,302.05,0.22,20260114,
20251231,STZ,139.5400368248123,140.13,0.0,20260114,
20251231,TXG,16.20475829748734,16.29,,20260114,
20251231,CVE,16.94693568356058,17.04,0.14,20260114,
20251231,COP,93.25820590149361,94.1,0.21,20260114,
20251231,AMTM,29.01747234170886,29.3,-0.02,20260114,
20251231,HAL,28.205520150473802,28.49,0.2,20260114,
20251231,SLB,38.12913564864049,38.55,0.23,20260114,
20251231,FLOC,18.530116506087207,18.78,,20260114,
20251231,HLF,12.65478778114633,12.84,-0.32,20260114,
20251231,TX,37.60851903144395,38.18,-0.34,20260114,
20251231,ASML,1052.145062042666,1072.14,0.33,20260114,
20251231,NESR,15.296562832335995,15.63,0.4,20260114,
20251231,HBM,19.452637021634576,19.9,0.27,20260114,
20251231,TWLO,140.6125767844955,144.14,,20260114,
20251231,TSLA,442.0547638926366,454.43,-0.04,20260114,
20251231,PACS,37.885720980619354,39.27,-0.54,20260114,
20251231,MU,273.13160318883826,292.63,0.3,20260114,
20251231,ERIE,242.4682226869415,287.85,-0.29,20260114,
20251231,AMRK,29.633426453548356,,,20260114,
20260101,CAL,13.193737956540371,12.17,0.01,20260115,
20260101,CHMI,2.6956747115125155,2.55,,20260115,
20260101,UHS,230.38198500817447,218.02,0.07,20260115,
20260101,CBZ,52.52340621577436,50.45,0.33,20260115,
20260101,BILL,56.76710369676672,54.54,,20260115,
20260101,SBUX,87.57592387422422,84.21,0.03,20260115,
20260101,SHOP,166.70477067824322,160.97,0.33,20260115,
20260101,NX,15.91250623005984,15.38,-0.16,20260115,
20260101,DHR,236.8055368565578,228.92,0.25,20260115,
20260101,XPO,140.54003900731735,135.91,0.14,20260115,
20260101,ASIX,17.880237774003586,17.3,,20260115,
20260101,ALAB,171.61176076570212,166.36,0.24,20260115,
20260101,MRVL,87.62309506991953,84.98,0.31,20260115,
20260101,LKQ,31.137906303074555,30.2,0.27,20260115,
20260101,MD,22.041640727924953,21.39,0.14,20260115,
20260101,PAR,37.37040896176251,36.28,0.13,20260115,
20260101,RCI,38.8360795066745,37.73,0.03,20260115,
20260101,PMTS,15.105941016809258,14.68,,20260115,
20260101,GDYN,9.266501007920509,9.03,0.26,20260115,
20260101,AHCO,10.217236948619862,9.96,-0.2,20260115,
20260101,WELL,190.2842032666148,185.61,0.34,20260115,
20260101,UAL,114.56560435548641,111.82,0.03,20260115,
20260101,AHL,37.97349859526039,37.1,,20260115,
20260101,QCOM,175.01895743718353,171.05,0.22,20260115,
20260101,BRZE,35.07888835097856,34.29,,20260115,
20260101,STZ,141.11034475643243,137.96,0.05,20260115,
20260101,PRCT,32.16096657195917,31.46,,20260115,
20260101,PEP,146.71277967810036,143.52,0.15,20260115,
20260101,CRTO,21.060234202631705,20.61,,20260115,
20260101,UTZ,10.602879557467341,10.38,,20260115,
20260101,CLS,301.69442389803334,295.61,0.29,20260115,
20260101,FI,68.5405896731798,67.17,-0.14,20260115,
20260101,CG,60.28889192235044,59.11,0.13,20260115,
20260101,LW,42.68771249662704,41.89,-0.29,20260115,
20260101,ZM,87.9114584689132,86.29,,20260115,
20260101,LFST,7.172023539308899,7.04,,20260115,
20260101,QUAD,6.385887525594832,6.27,-0.19,20260115,
20260101,DOX,81.93654854684847,80.51,0.12,20260115,
20260101,FSLR,265.69242527896387,261.23,0.33,20260115,
20260101,VERA,51.49698607958604,50.64,,20260115,
20260101,XOM,122.33809713337884,120.34,0.21,20260115,
20260101,LNTH,67.58238258122887,66.55,-0.19,20260115,
20260101,GE,312.7648234155014,308.03,0.18,20260115,
20260101,FLOC,19.024472706782433,18.74,,20260115,
20260101,SPB,59.940172378216225,59.08,0.29,20260115,
20260101,DIS,115.35317677497183,113.77,0.11,20260115,
20260101,IMVT,25.752444405644354,25.42,0.34,20260115,
20260101,HTO,49.62011412517261,48.99,0.27,20260115,
20260101,AAPL,275.1634228424946,271.86,0.19,20260115,
20260101,TWLO,143.9528878906684,142.24,,20260115,
20260101,SPNT,22.150181901874575,21.89,,20260115,
20260101,CVNA,426.9737524801194,422.02,,20260115,
20260101,COP,94.68311495055634,93.61,0.21,20260115,
20260101,BA,219.4453762638688,217.12,0.14,20260115,
20260101,IMXI,15.519489968413199,15.36,0.01,20260115,
20260101,SLB,38.759197473055984,38.38,0.2,20260115,
20260101,HAL,28.535090950937285,28.26,0.19,20260115,
20260101,WMT,112.41803975333725,111.41,0.08,20260115,
20260101,BMRN,59.9565414041047,59.43,0.3,20260115,
20260101,CSTM,19.008342645354837,18.85,0.33,20260115,
20260101,PRU,113.7740470786178,112.88,0.15,20260115,
20260101,CVE,17.05043015190235,16.92,0.2,20260115,
20260101,SLP,18.36662227583689,18.23,,20260115,
20260101,ALK,50.64103077728925,50.3,0.01,20260115,
20260101,CCJ,92.09851026174188,91.49,0.42,20260115,
20260101,IBM,298.14912318852083,296.21,0.23,20260115,
20260101,GOOGL,314.994709171283,313.0,0.25,20260115,
20260101,HBM,19.927606704655478,19.85,0.26,20260115,
20260101,AMTM,29.091396961952984,29.0,0.36,20260115,
20260101,AENT,8.1045381025698,8.08,-0.16,20260115,
20260101,BIIB,176.32177386073238,175.99,0.13,20260115,
20260101,NESR,15.684293185822447,15.66,0.45,20260115,
20260101,ITGR,78.53999523817083,78.43,-0.27,20260115,
20260101,DDL,2.493190108093523,2.49,0.36,20260115,
20260101,DBRG,15.341348232567736,15.34,0.09,20260115,
20260101,TXG,16.308252765829113,16.31,,20260115,
20260101,MDB,419.61838193044554,419.69,,20260115,
20260101,PACS,38.07053253122967,38.39,-0.19,20260115,
20260101,HLF,12.732333851843622,12.89,0.11,20260115,
20260101,ASML,1056.6877299566675,1069.86,0.37,20260115,
20260101,TX,37.601126569419534,38.19,-0.25,20260115,
20260101,TBLA,4.538773035348646,4.61,0.49,20260115,
20260101,GPCR,67.95975032142347,69.55,0.18,20260115,
20260101,TSLA,438.20329117791783,449.72,-0.03,20260115,
20260101,MU,271.8453147965905,285.41,0.25,20260115,
20260101,ERIE,242.7787060919668,286.65,-0.11,20260115,
20260101,AMRK,29.633426453548356,,0.41,20260115,
20260102,CVX,157.03577236869256,152.41,0.14,20260116,
20260102,DHR,235.51185600228567,228.92,0.25,20260116,
20260102,RCI,38.75476242440596,37.73,0.01,20260116,
20260102,UAL,114.78737821621878,111.82,0.04,20260116,
20260102,SNDX,21.540662211710924,21.01,,20260116,
20260102,NX,15.767107347502423,15.38,-0.29,20260116,
20260102,AHL,38.017853367406865,37.1,,20260116,
20260102,XPO,139.22418076697195,135.91,0.25,20260116,
20260102,PAR,37.147464008507804,36.28,0.13,20260116,
20260102,SHOP,164.657058697481,160.97,0.31,20260116,
20260102,CRTO,21.07962072030603,20.61,,20260116,
20260102,PRCT,32.09311376009905,31.46,,20260116,
20260102,ASIX,17.628213044237395,17.3,,20260116,
20260102,PEP,146.23966210853797,143.52,0.15,20260116,
20260102,ZM,87.90406600688878,86.29,,20260116,
20260102,LW,42.62955294360407,41.89,-0.34,20260116,
20260102,BMRN,60.38304479293979,59.43,0.25,20260116,
20260102,UTZ,10.544720004444375,10.38,,20260116,
20260102,IMVT,25.820297217504486,25.42,0.13,20260116,
20260102,WELL,188.51740484278028,185.61,0.36,20260116,
20260102,MRVL,86.30723682957414,84.98,0.34,20260116,
20260102,MD,21.723764860875225,21.39,0.13,20260116,
20260102,FI,68.18193909620481,67.17,-0.12,20260116,
20260102,QUAD,6.356807749083347,6.27,,20260116,
20260102,FLOC,18.985699671433785,18.74,,20260116,
20260102,XOM,121.85758710179203,120.34,0.2,20260116,
20260102,QCOM,173.09691731083635,171.05,0.21,20260116,
20260102,LKQ,30.546617514007714,30.2,0.29,20260116,
20260102,IMXI,15.526882430437611,15.36,0.05,20260116,
20260102,AHCO,10.062144807225282,9.96,-0.21,20260116,
20260102,GDYN,9.12110212536309,9.03,0.28,20260116,
20260102,ALK,50.80581617752099,50.3,-0.21,20260116,
20260102,BRZE,34.61361192679482,34.29,,20260116,
20260102,AENT,8.153004396755607,8.08,-0.12,20260116,
20260102,AAPL,274.26154247551625,271.86,0.17,20260116,
20260102,DOX,81.1998608752242,80.51,0.11,20260116,
20260102,SPB,59.58152180124125,59.08,0.31,20260116,
20260102,FSLR,263.4229394374693,261.23,0.27,20260116,
20260102,PRU,113.80567598133364,112.88,0.09,20260116,
20260102,CLS,298.02067879874926,295.61,0.28,20260116,
20260102,CCJ,92.21482936778781,91.49,0.3,20260116,
20260102,STZ,139.00690758876846,137.96,0.04,20260116,
20260102,HTO,49.35839613656926,48.99,0.32,20260116,
20260102,VERA,50.98324336121649,50.64,,20260116,
20260102,LNTH,66.99109379216203,66.55,-0.13,20260116,
20260102,COP,94.20814526753543,93.61,0.27,20260116,
20260102,LFST,7.0847842097744484,7.04,,20260116,
20260102,WMT,112.04102419009222,111.41,0.08,20260116,
20260102,SNPS,472.37883239948576,469.72,-0.37,20260116,
20260102,SLB,38.59441207282425,38.38,0.2,20260116,
20260102,ALAB,167.26918080665388,166.36,0.29,20260116,
20260102,DIS,114.36446437358137,113.77,0.07,20260116,
20260102,CVS,79.7317702893605,79.36,0.13,20260116,
20260102,BA,218.10770654434057,217.12,0.15,20260116,
20260102,GOOGL,314.366349899208,313.0,0.25,20260116,
20260102,SPNT,21.985396501642832,21.89,,20260116,
20260102,CHMI,2.559969087792257,2.55,,20260116,
20260102,DBRG,15.399507785590705,15.34,0.08,20260116,
20260102,GE,309.1201580927287,308.03,0.18,20260116,
20260102,NESR,15.713372962333931,15.66,0.41,20260116,
20260102,CG,59.300179520959986,59.11,0.11,20260116,
20260102,ITGR,78.62723456770527,78.43,-0.33,20260116,
20260102,CVE,16.961720607609404,16.92,0.33,20260116,
20260102,CSTM,18.8920235393089,18.85,,20260116,
20260102,HAL,28.312145997682578,28.26,0.17,20260116,
20260102,GPCR,69.67545713560102,69.55,,20260116,
20260102,HBM,19.879140410469677,19.85,0.33,20260116,
20260102,DDL,2.493190108093523,2.49,0.4,20260116,
20260102,TXG,16.32303768987794,16.31,,20260116,
20260102,BIIB,176.01868291773147,175.99,0.13,20260116,
20260102,TBLA,4.606625847208775,4.61,0.44,20260116,
20260102,CVNA,421.4072285757369,422.02,,20260116,
20260102,PACS,38.275892287424014,38.39,-0.19,20260116,
20260102,AMTM,28.869623101220615,29.0,0.39,20260116,
20260102,TWLO,141.14483405025317,142.24,,20260116,
20260102,IBM,293.83192536626404,296.21,0.21,20260116,
20260102,HLF,12.78080014602943,12.89,0.1,20260116,
20260102,ASML,1055.0022486151013,1069.86,0.37,20260116,
20260102,TX,37.60851903144395,38.19,-0.15,20260116,
20260102,MDB,406.39155632450274,419.69,,20260116,
20260102,TSLA,434.72144156441965,449.72,-0.02,20260116,
20260102,MU,266.50795721496485,285.41,0.2,20260116,
20260102,ERIE,241.89161064903732,286.65,-0.11,20260116,
20260102,AMRK,29.633426453548356,,0.42,20260116,
